{
  "acc": 0.7307692307692307,
  "precision": 0.7303370786516854,
  "recall": 0.7222222222222222,
  "f1": 0.7262569832402235,
  "loss": 0.5721980333328247,
  "threshold": 0.5,
  "prob_min": 0.07182901352643967,
  "prob_max": 0.994565486907959,
  "prob_mean": 0.5312573326403623,
  "pred_pos_rate": 0.489010989010989,
  "train_loss": 0.5206659671205741
}