{
  "acc": 0.6363636363636364,
  "precision": 0.6,
  "recall": 0.6,
  "f1": 0.6,
  "loss": 0.7354328433672587,
  "threshold": 0.5,
  "prob_min": 0.4334354102611542,
  "prob_max": 0.6023727655410767,
  "prob_mean": 0.5016979629343207,
  "pred_pos_rate": 0.45454545454545453,
  "train_loss": 0.6448748491027139
}