{
  "acc": 0.3131868131868132,
  "precision": 0.2976190476190476,
  "recall": 0.27472527472527475,
  "f1": 0.28571428571428575,
  "threshold": 0.5,
  "pred_pos_rate": 0.46153846153846156
}