{
  "acc": 0.3901098901098901,
  "precision": 0.3888888888888889,
  "recall": 0.38461538461538464,
  "f1": 0.3867403314917128,
  "threshold": 0.5,
  "pred_pos_rate": 0.4945054945054945
}