{
  "acc": 0.35714285714285715,
  "precision": 0.3516483516483517,
  "recall": 0.35555555555555557,
  "f1": 0.3535911602209945,
  "threshold": 0.5,
  "pred_pos_rate": 0.5
}