{
  "acc": 0.2802197802197802,
  "precision": 0.24358974358974358,
  "recall": 0.2087912087912088,
  "f1": 0.22485207100591717,
  "threshold": 0.5,
  "pred_pos_rate": 0.42857142857142855
}