{
  "acc": 0.3516483516483517,
  "precision": 0.36082474226804123,
  "recall": 0.38461538461538464,
  "f1": 0.3723404255319149,
  "threshold": 0.5,
  "pred_pos_rate": 0.532967032967033
}