{
  "acc": 0.366120218579235,
  "precision": 0.34177215189873417,
  "recall": 0.2967032967032967,
  "f1": 0.31764705882352945,
  "threshold": 0.5,
  "pred_pos_rate": 0.43169398907103823
}