{
  "acc": 0.3114754098360656,
  "precision": 0.3157894736842105,
  "recall": 0.32967032967032966,
  "f1": 0.32258064516129026,
  "threshold": 0.5,
  "pred_pos_rate": 0.5191256830601093
}