{
  "acc": 0.41208791208791207,
  "precision": 0.40860215053763443,
  "recall": 0.4222222222222222,
  "f1": 0.41530054644808745,
  "threshold": 0.5,
  "pred_pos_rate": 0.510989010989011
}