{
  "acc": 0.3333333333333333,
  "precision": 0.3037974683544304,
  "recall": 0.26373626373626374,
  "f1": 0.2823529411764706,
  "threshold": 0.5,
  "pred_pos_rate": 0.43169398907103823
}