{
  "acc": 0.3076923076923077,
  "precision": 0.2988505747126437,
  "recall": 0.2857142857142857,
  "f1": 0.2921348314606742,
  "threshold": 0.5,
  "pred_pos_rate": 0.47802197802197804
}