{
  "mode": "fixed_split",
  "modality": "both",
  "split_counts": {
    "train": 1458,
    "valid": 182,
    "test": 183
  },
  "selected_threshold": 0.4,
  "best_epoch_valid_metrics": {
    "acc": 0.7307692307692307,
    "precision": 0.7222222222222222,
    "recall": 0.7303370786516854,
    "f1": 0.7262569832402235,
    "loss": 0.5779860665400823,
    "threshold": 0.5,
    "prob_min": 0.06667272746562958,
    "prob_max": 0.9941805601119995,
    "prob_mean": 0.531744304143793,
    "pred_pos_rate": 0.4945054945054945,
    "train_loss": 0.540216110970663
  },
  "valid_at_0_5": {
    "acc": 0.7307692307692307,
    "binary_precision": 0.7222222222222222,
    "binary_recall": 0.7303370786516854,
    "binary_f1": 0.7262569832402235,
    "weighted_precision": 0.7308621330360461,
    "weighted_recall": 0.7307692307692307,
    "weighted_f1": 0.7307936212964146,
    "confusion_matrix": [
      [
        68,
        25
      ],
      [
        24,
        65
      ]
    ],
    "loss": 0.5779860665400823,
    "threshold": 0.5,
    "prob_min": 0.06667272746562958,
    "prob_max": 0.9941805601119995,
    "prob_mean": 0.531744304143793,
    "pred_pos_rate": 0.4945054945054945
  },
  "valid_with_threshold": {
    "acc": 0.7087912087912088,
    "binary_precision": 0.6607142857142857,
    "binary_recall": 0.8314606741573034,
    "binary_f1": 0.736318407960199,
    "weighted_precision": 0.7245879120879121,
    "weighted_recall": 0.7087912087912088,
    "weighted_f1": 0.7049070027734984,
    "confusion_matrix": [
      [
        55,
        38
      ],
      [
        15,
        74
      ]
    ],
    "loss": 0.5779860665400823,
    "threshold": 0.4,
    "prob_min": 0.06667272746562958,
    "prob_max": 0.9941805601119995,
    "prob_mean": 0.531744304143793,
    "pred_pos_rate": 0.6153846153846154
  },
  "test_at_0_5": {
    "acc": 0.7377049180327869,
    "binary_precision": 0.7087378640776699,
    "binary_recall": 0.8021978021978022,
    "binary_f1": 0.752577319587629,
    "weighted_precision": 0.7420499761260544,
    "weighted_recall": 0.7377049180327869,
    "weighted_f1": 0.7366673086219842,
    "confusion_matrix": [
      [
        62,
        30
      ],
      [
        18,
        73
      ]
    ],
    "loss": 0.5178811450799307,
    "threshold": 0.5,
    "prob_min": 0.07102177292108536,
    "prob_max": 0.995144248008728,
    "prob_mean": 0.5832720437987906,
    "pred_pos_rate": 0.5628415300546448
  },
  "test_with_threshold": {
    "acc": 0.7049180327868853,
    "binary_precision": 0.6554621848739496,
    "binary_recall": 0.8571428571428571,
    "binary_f1": 0.7428571428571429,
    "weighted_precision": 0.7265549662487947,
    "weighted_recall": 0.7049180327868853,
    "weighted_f1": 0.6981084489281211,
    "confusion_matrix": [
      [
        51,
        41
      ],
      [
        13,
        78
      ]
    ],
    "loss": 0.5178811450799307,
    "threshold": 0.4,
    "prob_min": 0.07102177292108536,
    "prob_max": 0.995144248008728,
    "prob_mean": 0.5832720437987906,
    "pred_pos_rate": 0.6502732240437158
  }
}