{
  "acc": 0.7692307692307693,
  "precision": 0.7951807228915663,
  "recall": 0.7252747252747253,
  "f1": 0.7586206896551725,
  "threshold": 0.5,
  "pred_pos_rate": 0.45604395604395603
}