{
  "acc": 0.8032786885245902,
  "precision": 0.8160919540229885,
  "recall": 0.7802197802197802,
  "f1": 0.797752808988764,
  "threshold": 0.5,
  "pred_pos_rate": 0.47540983606557374
}