{
  "acc": 0.8076923076923077,
  "precision": 0.8089887640449438,
  "recall": 0.8,
  "f1": 0.8044692737430168,
  "threshold": 0.5,
  "pred_pos_rate": 0.489010989010989
}