{
  "acc": 0.8406593406593407,
  "precision": 0.8297872340425532,
  "recall": 0.8571428571428571,
  "f1": 0.8432432432432433,
  "threshold": 0.5,
  "pred_pos_rate": 0.5164835164835165
}