{
  "acc": 0.8186813186813187,
  "precision": 0.8352941176470589,
  "recall": 0.7888888888888889,
  "f1": 0.8114285714285714,
  "threshold": 0.5,
  "pred_pos_rate": 0.46703296703296704
}