{
  "acc": 0.73224043715847,
  "precision": 0.7282608695652174,
  "recall": 0.7362637362637363,
  "f1": 0.7322404371584701,
  "threshold": 0.5,
  "pred_pos_rate": 0.5027322404371585
}