{
  "acc": 0.6885245901639344,
  "precision": 0.6976744186046512,
  "recall": 0.6593406593406593,
  "f1": 0.6779661016949152,
  "threshold": 0.5,
  "pred_pos_rate": 0.46994535519125685
}