{
  "acc": 0.7857142857142857,
  "precision": 0.8333333333333334,
  "recall": 0.7142857142857143,
  "f1": 0.7692307692307692,
  "threshold": 0.5,
  "pred_pos_rate": 0.42857142857142855
}