{
  "acc": 0.7967032967032966,
  "precision": 0.8068181818181818,
  "recall": 0.7802197802197802,
  "f1": 0.7932960893854749,
  "threshold": 0.5,
  "pred_pos_rate": 0.4835164835164835
}