{
  "acc": 0.7923497267759563,
  "precision": 0.7789473684210526,
  "recall": 0.8131868131868132,
  "f1": 0.7956989247311829,
  "loss": 0.5227173219124476,
  "threshold": 0.5,
  "prob_min": 0.019958849996328354,
  "prob_max": 0.9949268102645874,
  "prob_mean": 0.49715318762865224,
  "pred_pos_rate": 0.5191256830601093,
  "train_loss": 0.5201028138399124
}