{
  "acc": 0.7087912087912088,
  "precision": 0.6979166666666666,
  "recall": 0.7362637362637363,
  "f1": 0.716577540106952,
  "threshold": 0.5,
  "pred_pos_rate": 0.5274725274725275
}