{
  "acc": 0.7527472527472527,
  "precision": 0.7674418604651163,
  "recall": 0.7252747252747253,
  "f1": 0.7457627118644067,
  "threshold": 0.5,
  "pred_pos_rate": 0.4725274725274725
}