{
  "acc": 0.7802197802197802,
  "precision": 0.7802197802197802,
  "recall": 0.7802197802197802,
  "f1": 0.7802197802197802,
  "threshold": 0.5,
  "pred_pos_rate": 0.5
}