{
  "acc": 0.7472527472527473,
  "precision": 0.7586206896551724,
  "recall": 0.7252747252747253,
  "f1": 0.7415730337078651,
  "threshold": 0.5,
  "pred_pos_rate": 0.47802197802197804
}