{
  "acc": 0.7362637362637363,
  "precision": 0.7590361445783133,
  "recall": 0.6923076923076923,
  "f1": 0.7241379310344828,
  "threshold": 0.5,
  "pred_pos_rate": 0.45604395604395603
}