{
  "acc": 0.7431693989071039,
  "precision": 0.7291666666666666,
  "recall": 0.7692307692307693,
  "f1": 0.7486631016042781,
  "threshold": 0.5,
  "pred_pos_rate": 0.5245901639344263
}