{
  "acc": 0.7472527472527473,
  "precision": 0.7619047619047619,
  "recall": 0.7111111111111111,
  "f1": 0.735632183908046,
  "threshold": 0.5,
  "pred_pos_rate": 0.46153846153846156
}