{
  "acc": 0.7362637362637363,
  "precision": 0.7386363636363636,
  "recall": 0.7222222222222222,
  "f1": 0.7303370786516853,
  "threshold": 0.5,
  "pred_pos_rate": 0.4835164835164835
}