{
  "acc": 0.6612021857923497,
  "precision": 0.6629213483146067,
  "recall": 0.6483516483516484,
  "f1": 0.6555555555555556,
  "threshold": 0.5,
  "pred_pos_rate": 0.48633879781420764
}