{
  "acc": 0.6666666666666666,
  "precision": 0.65,
  "recall": 0.7142857142857143,
  "f1": 0.680628272251309,
  "threshold": 0.5,
  "pred_pos_rate": 0.546448087431694
}