{
  "acc": 0.7307692307692307,
  "precision": 0.7469879518072289,
  "recall": 0.6888888888888889,
  "f1": 0.7167630057803468,
  "threshold": 0.5,
  "pred_pos_rate": 0.45604395604395603
}