{
  "acc": 0.6868131868131868,
  "precision": 0.6976744186046512,
  "recall": 0.6593406593406593,
  "f1": 0.6779661016949152,
  "threshold": 0.5,
  "pred_pos_rate": 0.4725274725274725
}