{
  "acc": 0.7431693989071039,
  "precision": 0.7156862745098039,
  "recall": 0.8021978021978022,
  "f1": 0.756476683937824,
  "threshold": 0.5,
  "pred_pos_rate": 0.5573770491803278
}