{
  "acc": 0.7967032967032966,
  "precision": 0.78125,
  "recall": 0.8241758241758241,
  "f1": 0.8021390374331551,
  "threshold": 0.5,
  "pred_pos_rate": 0.5274725274725275
}