{
  "acc": 0.644808743169399,
  "precision": 0.6274509803921569,
  "recall": 0.7032967032967034,
  "f1": 0.6632124352331606,
  "threshold": 0.5,
  "pred_pos_rate": 0.5573770491803278
}