{
  "acc": 0.7747252747252747,
  "precision": 0.7976190476190477,
  "recall": 0.7362637362637363,
  "f1": 0.7657142857142858,
  "threshold": 0.5,
  "pred_pos_rate": 0.46153846153846156
}