{
  "acc": 0.7252747252747253,
  "precision": 0.7040816326530612,
  "recall": 0.7666666666666667,
  "f1": 0.7340425531914894,
  "threshold": 0.5,
  "pred_pos_rate": 0.5384615384615384
}