{
  "acc": 0.6830601092896175,
  "precision": 0.6853932584269663,
  "recall": 0.6703296703296703,
  "f1": 0.6777777777777777,
  "threshold": 0.5,
  "pred_pos_rate": 0.48633879781420764
}