{
  "acc": 0.7747252747252747,
  "precision": 0.7604166666666666,
  "recall": 0.8021978021978022,
  "f1": 0.7807486631016043,
  "threshold": 0.5,
  "pred_pos_rate": 0.5274725274725275
}