{
  "acc": 0.7362637362637363,
  "precision": 0.7171717171717171,
  "recall": 0.7802197802197802,
  "f1": 0.7473684210526317,
  "loss": 0.5352458010117213,
  "threshold": 0.5,
  "prob_min": 0.05397658050060272,
  "prob_max": 0.9725891947746277,
  "prob_mean": 0.5415483218627971,
  "pred_pos_rate": 0.5439560439560439,
  "train_loss": 0.5697005775112373
}