{
  "acc": 0.6978021978021978,
  "precision": 0.7142857142857143,
  "recall": 0.6593406593406593,
  "f1": 0.6857142857142857,
  "threshold": 0.5,
  "pred_pos_rate": 0.46153846153846156
}