{
  "acc": 0.7923497267759563,
  "precision": 0.7731958762886598,
  "recall": 0.8241758241758241,
  "f1": 0.7978723404255318,
  "threshold": 0.5,
  "pred_pos_rate": 0.5300546448087432
}