{
  "acc": 0.6885245901639344,
  "precision": 0.6770833333333334,
  "recall": 0.7142857142857143,
  "f1": 0.6951871657754011,
  "threshold": 0.5,
  "pred_pos_rate": 0.5245901639344263
}