{
  "acc": 0.7637362637362637,
  "precision": 0.7608695652173914,
  "recall": 0.7692307692307693,
  "f1": 0.7650273224043715,
  "threshold": 0.5,
  "pred_pos_rate": 0.5054945054945055
}