{
  "acc": 0.7692307692307693,
  "precision": 0.8,
  "recall": 0.7111111111111111,
  "f1": 0.7529411764705882,
  "threshold": 0.5,
  "pred_pos_rate": 0.43956043956043955
}