{
  "acc": 0.6885245901639344,
  "precision": 0.7023809523809523,
  "recall": 0.6483516483516484,
  "f1": 0.6742857142857142,
  "threshold": 0.5,
  "pred_pos_rate": 0.45901639344262296
}