{
  "acc": 0.8076923076923077,
  "precision": 0.7692307692307693,
  "recall": 0.8791208791208791,
  "f1": 0.8205128205128205,
  "threshold": 0.5,
  "pred_pos_rate": 0.5714285714285714
}