{
  "acc": 0.7527472527472527,
  "precision": 0.7368421052631579,
  "recall": 0.7777777777777778,
  "f1": 0.7567567567567567,
  "threshold": 0.5,
  "pred_pos_rate": 0.521978021978022
}