{
  "acc": 0.7582417582417582,
  "precision": 0.7526881720430108,
  "recall": 0.7692307692307693,
  "f1": 0.7608695652173912,
  "threshold": 0.5,
  "pred_pos_rate": 0.510989010989011
}