{
  "folds": [
    {
      "fold": 1,
      "metrics_at_0_5": {
        "acc": 0.4808743169398907,
        "precision": 0.48148148148148145,
        "recall": 0.5714285714285714,
        "f1": 0.5226130653266332,
        "loss": 0.6963549256324768,
        "threshold": 0.5,
        "prob_min": 0.23315903544425964,
        "prob_max": 0.7701348662376404,
        "prob_mean": 0.5289718553505308,
        "pred_pos_rate": 0.5901639344262295
      },
      "metrics_with_threshold": {
        "acc": 0.5628415300546448,
        "precision": 0.5345911949685535,
        "recall": 0.9340659340659341,
        "f1": 0.68,
        "loss": 0.6963549256324768,
        "threshold": 0.42000000000000004,
        "prob_min": 0.23315903544425964,
        "prob_max": 0.7701348662376404,
        "prob_mean": 0.5289718553505308,
        "pred_pos_rate": 0.8688524590163934,
        "best_threshold": 0.42000000000000004
      }
    },
    {
      "fold": 2,
      "metrics_at_0_5": {
        "acc": 0.5683060109289617,
        "precision": 0.5476190476190477,
        "recall": 0.7582417582417582,
        "f1": 0.6359447004608295,
        "loss": 0.6745554506778717,
        "threshold": 0.5,
        "prob_min": 0.20487448573112488,
        "prob_max": 0.8821859955787659,
        "prob_mean": 0.5409543653492068,
        "pred_pos_rate": 0.6885245901639344
      },
      "metrics_with_threshold": {
        "acc": 0.6010928961748634,
        "precision": 0.5576923076923077,
        "recall": 0.9560439560439561,
        "f1": 0.7044534412955467,
        "loss": 0.6745554506778717,
        "threshold": 0.39,
        "prob_min": 0.20487448573112488,
        "prob_max": 0.8821859955787659,
        "prob_mean": 0.5409543653492068,
        "pred_pos_rate": 0.8524590163934426,
        "best_threshold": 0.39
      }
    },
    {
      "fold": 3,
      "metrics_at_0_5": {
        "acc": 0.5081967213114754,
        "precision": 0.5037593984962406,
        "recall": 0.7362637362637363,
        "f1": 0.5982142857142858,
        "loss": 0.6899879177411398,
        "threshold": 0.5,
        "prob_min": 0.19895803928375244,
        "prob_max": 0.8023281693458557,
        "prob_mean": 0.5405164602024307,
        "pred_pos_rate": 0.726775956284153
      },
      "metrics_with_threshold": {
        "acc": 0.546448087431694,
        "precision": 0.5232558139534884,
        "recall": 0.989010989010989,
        "f1": 0.6844106463878328,
        "loss": 0.6899879177411398,
        "threshold": 0.29000000000000004,
        "prob_min": 0.19895803928375244,
        "prob_max": 0.8023281693458557,
        "prob_mean": 0.5405164602024307,
        "pred_pos_rate": 0.9398907103825137,
        "best_threshold": 0.29000000000000004
      }
    },
    {
      "fold": 4,
      "metrics_at_0_5": {
        "acc": 0.5274725274725275,
        "precision": 0.5238095238095238,
        "recall": 0.6043956043956044,
        "f1": 0.5612244897959183,
        "loss": 0.6708266834417979,
        "threshold": 0.5,
        "prob_min": 0.24427318572998047,
        "prob_max": 0.6830465793609619,
        "prob_mean": 0.511657695030118,
        "pred_pos_rate": 0.5769230769230769
      },
      "metrics_with_threshold": {
        "acc": 0.5714285714285714,
        "precision": 0.5403726708074534,
        "recall": 0.9560439560439561,
        "f1": 0.6904761904761905,
        "loss": 0.6708266834417979,
        "threshold": 0.42000000000000004,
        "prob_min": 0.24427318572998047,
        "prob_max": 0.6830465793609619,
        "prob_mean": 0.511657695030118,
        "pred_pos_rate": 0.8846153846153846,
        "best_threshold": 0.42000000000000004
      }
    },
    {
      "fold": 5,
      "metrics_at_0_5": {
        "acc": 0.5604395604395604,
        "precision": 0.5478260869565217,
        "recall": 0.6923076923076923,
        "f1": 0.6116504854368932,
        "loss": 0.6783792277177175,
        "threshold": 0.5,
        "prob_min": 0.28594470024108887,
        "prob_max": 0.7348484396934509,
        "prob_mean": 0.518238515316785,
        "pred_pos_rate": 0.6318681318681318
      },
      "metrics_with_threshold": {
        "acc": 0.510989010989011,
        "precision": 0.5055555555555555,
        "recall": 1.0,
        "f1": 0.6715867158671587,
        "loss": 0.6783792277177175,
        "threshold": 0.30000000000000004,
        "prob_min": 0.28594470024108887,
        "prob_max": 0.7348484396934509,
        "prob_mean": 0.518238515316785,
        "pred_pos_rate": 0.989010989010989,
        "best_threshold": 0.30000000000000004
      }
    },
    {
      "fold": 6,
      "metrics_at_0_5": {
        "acc": 0.5274725274725275,
        "precision": 0.518796992481203,
        "recall": 0.7582417582417582,
        "f1": 0.6160714285714285,
        "loss": 0.7009219825267792,
        "threshold": 0.5,
        "prob_min": 0.18893693387508392,
        "prob_max": 0.8409635424613953,
        "prob_mean": 0.5383384297346021,
        "pred_pos_rate": 0.7307692307692307
      },
      "metrics_with_threshold": {
        "acc": 0.5824175824175825,
        "precision": 0.546583850931677,
        "recall": 0.967032967032967,
        "f1": 0.6984126984126985,
        "loss": 0.7009219825267792,
        "threshold": 0.37,
        "prob_min": 0.18893693387508392,
        "prob_max": 0.8409635424613953,
        "prob_mean": 0.5383384297346021,
        "pred_pos_rate": 0.8846153846153846,
        "best_threshold": 0.37
      }
    },
    {
      "fold": 7,
      "metrics_at_0_5": {
        "acc": 0.5164835164835165,
        "precision": 0.5121951219512195,
        "recall": 0.6923076923076923,
        "f1": 0.588785046728972,
        "loss": 0.6863399744033813,
        "threshold": 0.5,
        "prob_min": 0.23968257009983063,
        "prob_max": 0.7224055528640747,
        "prob_mean": 0.5278702166218024,
        "pred_pos_rate": 0.6758241758241759
      },
      "metrics_with_threshold": {
        "acc": 0.5714285714285714,
        "precision": 0.5419354838709678,
        "recall": 0.9230769230769231,
        "f1": 0.6829268292682928,
        "loss": 0.6863399744033813,
        "threshold": 0.44000000000000006,
        "prob_min": 0.23968257009983063,
        "prob_max": 0.7224055528640747,
        "prob_mean": 0.5278702166218024,
        "pred_pos_rate": 0.8516483516483516,
        "best_threshold": 0.44000000000000006
      }
    },
    {
      "fold": 8,
      "metrics_at_0_5": {
        "acc": 0.5604395604395604,
        "precision": 0.5470085470085471,
        "recall": 0.7032967032967034,
        "f1": 0.6153846153846154,
        "loss": 0.6707451144854227,
        "threshold": 0.5,
        "prob_min": 0.24443203210830688,
        "prob_max": 0.7074793577194214,
        "prob_mean": 0.5153966608283284,
        "pred_pos_rate": 0.6428571428571429
      },
      "metrics_with_threshold": {
        "acc": 0.5384615384615384,
        "precision": 0.5207100591715976,
        "recall": 0.967032967032967,
        "f1": 0.6769230769230768,
        "loss": 0.6707451144854227,
        "threshold": 0.38,
        "prob_min": 0.24443203210830688,
        "prob_max": 0.7074793577194214,
        "prob_mean": 0.5153966608283284,
        "pred_pos_rate": 0.9285714285714286,
        "best_threshold": 0.38
      }
    },
    {
      "fold": 9,
      "metrics_at_0_5": {
        "acc": 0.5714285714285714,
        "precision": 0.5447761194029851,
        "recall": 0.8111111111111111,
        "f1": 0.6517857142857143,
        "loss": 0.6700001756350199,
        "threshold": 0.5,
        "prob_min": 0.20851841568946838,
        "prob_max": 0.8064785599708557,
        "prob_mean": 0.5554025310736436,
        "pred_pos_rate": 0.7362637362637363
      },
      "metrics_with_threshold": {
        "acc": 0.5934065934065934,
        "precision": 0.5506329113924051,
        "recall": 0.9666666666666667,
        "f1": 0.7016129032258066,
        "loss": 0.6700001756350199,
        "threshold": 0.43000000000000005,
        "prob_min": 0.20851841568946838,