{
  "mode": "fixed_split",
  "modality": "video",
  "split_counts": {
    "train": 1458,
    "valid": 182,
    "test": 183
  },
  "selected_threshold": 0.47,
  "best_epoch_valid_metrics": {
    "acc": 0.7362637362637363,
    "precision": 0.7411764705882353,
    "recall": 0.7078651685393258,
    "f1": 0.7241379310344828,
    "loss": 0.5619237075249354,
    "threshold": 0.5,
    "prob_min": 0.07308022677898407,
    "prob_max": 0.9906764030456543,
    "prob_mean": 0.504387637252336,
    "pred_pos_rate": 0.46703296703296704,
    "train_loss": 0.5334814851698668
  },
  "valid_at_0_5": {
    "acc": 0.7362637362637363,
    "binary_precision": 0.7411764705882353,
    "binary_recall": 0.7078651685393258,
    "binary_f1": 0.7241379310344828,
    "weighted_precision": 0.7364663232461899,
    "weighted_recall": 0.7362637362637363,
    "weighted_f1": 0.7360084561536467,
    "confusion_matrix": [
      [
        71,
        22
      ],
      [
        26,
        63
      ]
    ],
    "loss": 0.5619237075249354,
    "threshold": 0.5,
    "prob_min": 0.07308022677898407,
    "prob_max": 0.9906764030456543,
    "prob_mean": 0.504387637252336,
    "pred_pos_rate": 0.46703296703296704
  },
  "valid_with_threshold": {
    "acc": 0.7472527472527473,
    "binary_precision": 0.7415730337078652,
    "binary_recall": 0.7415730337078652,
    "binary_f1": 0.7415730337078652,
    "weighted_precision": 0.7472527472527473,
    "weighted_recall": 0.7472527472527473,
    "weighted_f1": 0.7472527472527473,
    "confusion_matrix": [
      [
        70,
        23
      ],
      [
        23,
        66
      ]
    ],
    "loss": 0.5619237075249354,
    "threshold": 0.47,
    "prob_min": 0.07308022677898407,
    "prob_max": 0.9906764030456543,
    "prob_mean": 0.504387637252336,
    "pred_pos_rate": 0.489010989010989
  },
  "test_at_0_5": {
    "acc": 0.726775956284153,
    "binary_precision": 0.7029702970297029,
    "binary_recall": 0.7802197802197802,
    "binary_f1": 0.7395833333333333,
    "weighted_precision": 0.729679085461525,
    "weighted_recall": 0.726775956284153,
    "weighted_f1": 0.7260399001319011,
    "confusion_matrix": [
      [
        62,
        30
      ],
      [
        20,
        71
      ]
    ],
    "loss": 0.5113793909549713,
    "threshold": 0.5,
    "prob_min": 0.08436909317970276,
    "prob_max": 0.9919037222862244,
    "prob_mean": 0.5513349254437483,
    "pred_pos_rate": 0.5519125683060109
  },
  "test_with_threshold": {
    "acc": 0.726775956284153,
    "binary_precision": 0.6990291262135923,
    "binary_recall": 0.7912087912087912,
    "binary_f1": 0.7422680412371134,
    "weighted_precision": 0.730937980794737,
    "weighted_recall": 0.726775956284153,
    "weighted_f1": 0.7256951131479,
    "confusion_matrix": [
      [
        61,
        31
      ],
      [
        19,
        72
      ]
    ],
    "loss": 0.5113793909549713,
    "threshold": 0.47,
    "prob_min": 0.08436909317970276,
    "prob_max": 0.9919037222862244,
    "prob_mean": 0.5513349254437483,
    "pred_pos_rate": 0.5628415300546448
  }
}