{
  "acc": 0.7417582417582418,
  "precision": 0.7156862745098039,
  "recall": 0.8021978021978022,
  "f1": 0.756476683937824,
  "loss": 0.5693381130695343,
  "threshold": 0.5,
  "prob_min": 0.03779015317559242,
  "prob_max": 0.9957998394966125,
  "prob_mean": 0.5519296605713092,
  "pred_pos_rate": 0.5604395604395604,
  "train_loss": 0.5359142921291865
}