{
  "acc": 0.6607142857142857,
  "precision": 0.36,
  "recall": 0.75,
  "f1": 0.48648648648648657,
  "loss": 0.6662738919258118,
  "threshold": 0.5,
  "prob_min": 0.32888656854629517,
  "prob_max": 0.6448829770088196,
  "prob_mean": 0.48685660106795176,
  "pred_pos_rate": 0.44642857142857145,
  "train_loss": 0.6284443085843866
}