{
  "acc": 0.6758241758241759,
  "precision": 0.6702127659574468,
  "recall": 0.6923076923076923,
  "f1": 0.681081081081081,
  "loss": 0.6230269471804301,
  "threshold": 0.5,
  "prob_min": 0.027259111404418945,
  "prob_max": 0.9780027270317078,
  "prob_mean": 0.5393425760442739,
  "pred_pos_rate": 0.5164835164835165,
  "train_loss": 0.5523564975995284
}