{
  "acc": 0.6098901098901099,
  "precision": 0.6041666666666666,
  "recall": 0.6373626373626373,
  "f1": 0.6203208556149733,
  "threshold": 0.5,
  "pred_pos_rate": 0.5274725274725275
}