{
  "acc": 0.6338797814207651,
  "precision": 0.6395348837209303,
  "recall": 0.6043956043956044,
  "f1": 0.6214689265536724,
  "threshold": 0.5,
  "pred_pos_rate": 0.46994535519125685
}