{
  "acc": 0.6120218579234973,
  "precision": 0.5961538461538461,
  "recall": 0.6813186813186813,
  "f1": 0.635897435897436,
  "threshold": 0.5,
  "pred_pos_rate": 0.5683060109289617
}