{
  "acc": 0.5384615384615384,
  "precision": 0.5421686746987951,
  "recall": 0.4945054945054945,
  "f1": 0.5172413793103448,
  "threshold": 0.5,
  "pred_pos_rate": 0.45604395604395603
}