{
  "acc": 0.6263736263736264,
  "precision": 0.6185567010309279,
  "recall": 0.6593406593406593,
  "f1": 0.6382978723404256,
  "threshold": 0.5,
  "pred_pos_rate": 0.532967032967033
}