{
  "acc": 0.6043956043956044,
  "precision": 0.611764705882353,
  "recall": 0.5714285714285714,
  "f1": 0.5909090909090909,
  "threshold": 0.5,
  "pred_pos_rate": 0.46703296703296704
}