{
  "acc": 0.5439560439560439,
  "precision": 0.5454545454545454,
  "recall": 0.4666666666666667,
  "f1": 0.5029940119760478,
  "threshold": 0.5,
  "pred_pos_rate": 0.4230769230769231
}