{
  "acc": 0.5494505494505495,
  "precision": 0.5454545454545454,
  "recall": 0.5333333333333333,
  "f1": 0.5393258426966293,
  "threshold": 0.5,
  "pred_pos_rate": 0.4835164835164835
}