{
  "acc": 0.5355191256830601,
  "precision": 0.5306122448979592,
  "recall": 0.5714285714285714,
  "f1": 0.5502645502645503,
  "threshold": 0.5,
  "pred_pos_rate": 0.5355191256830601
}