{
  "acc": 0.5683060109289617,
  "precision": 0.5476190476190477,
  "recall": 0.7582417582417582,
  "f1": 0.6359447004608295,
  "loss": 0.6745554506778717,
  "threshold": 0.5,
  "prob_min": 0.20487448573112488,
  "prob_max": 0.8821859955787659,
  "prob_mean": 0.5409543653492068,
  "pred_pos_rate": 0.6885245901639344,
  "train_loss": 0.6524435006655179
}