{
  "acc": 0.7814207650273224,
  "precision": 0.7931034482758621,
  "recall": 0.7582417582417582,
  "f1": 0.7752808988764045,
  "threshold": 0.5,
  "pred_pos_rate": 0.47540983606557374
}