{
  "acc": 0.6978021978021978,
  "precision": 0.7307692307692307,
  "recall": 0.6263736263736264,
  "f1": 0.6745562130177514,
  "threshold": 0.5,
  "pred_pos_rate": 0.42857142857142855
}