{
  "acc": 0.6775956284153005,
  "precision": 0.7051282051282052,
  "recall": 0.6043956043956044,
  "f1": 0.650887573964497,
  "threshold": 0.5,
  "pred_pos_rate": 0.4262295081967213
}