{
  "acc": 0.7032967032967034,
  "precision": 0.6956521739130435,
  "recall": 0.7111111111111111,
  "f1": 0.7032967032967032,
  "threshold": 0.5,
  "pred_pos_rate": 0.5054945054945055
}