{
  "acc": 0.7252747252747253,
  "precision": 0.759493670886076,
  "recall": 0.6593406593406593,
  "f1": 0.7058823529411765,
  "threshold": 0.5,
  "pred_pos_rate": 0.4340659340659341
}