{
  "acc": 0.7032967032967034,
  "precision": 0.7368421052631579,
  "recall": 0.6222222222222222,
  "f1": 0.6746987951807228,
  "threshold": 0.5,
  "pred_pos_rate": 0.4175824175824176
}