{
  "acc": 0.7472527472527473,
  "precision": 0.7368421052631579,
  "recall": 0.7692307692307693,
  "f1": 0.7526881720430108,
  "threshold": 0.5,
  "pred_pos_rate": 0.521978021978022
}