{
  "acc": 0.7252747252747253,
  "precision": 0.7303370786516854,
  "recall": 0.7142857142857143,
  "f1": 0.7222222222222223,
  "threshold": 0.5,
  "pred_pos_rate": 0.489010989010989
}