{
  "acc": 0.73224043715847,
  "precision": 0.7916666666666666,
  "recall": 0.6263736263736264,
  "f1": 0.6993865030674847,
  "threshold": 0.5,
  "pred_pos_rate": 0.39344262295081966
}