{
  "acc": 0.8351648351648352,
  "precision": 0.8426966292134831,
  "recall": 0.8241758241758241,
  "f1": 0.8333333333333334,
  "threshold": 0.5,
  "pred_pos_rate": 0.489010989010989
}