{
  "acc": 0.7637362637362637,
  "precision": 0.7608695652173914,
  "recall": 0.7692307692307693,
  "f1": 0.7650273224043715,
  "loss": 0.5399333933989207,
  "threshold": 0.5,
  "prob_min": 0.00951459538191557,
  "prob_max": 0.9960718154907227,
  "prob_mean": 0.5198771688667546,
  "pred_pos_rate": 0.5054945054945055,
  "train_loss": 0.5316119136718603
}