{
  "acc": 0.45454545454545453,
  "precision": 0.45454545454545453,
  "recall": 1.0,
  "f1": 0.625,
  "loss": 0.6941399971644083,
  "threshold": 0.5,
  "prob_min": 0.5036420226097107,
  "prob_max": 0.5041800141334534,
  "prob_mean": 0.5039040825583718,
  "pred_pos_rate": 1.0,
  "train_loss": 0.7014265168796886
}