{
  "mae": 4.694337844848633,
  "rmse": 5.772952768207916,
  "ccc": 0.0050370222543945865,
  "loss": 4.243187785148621,
  "pred_min": 4.891944885253906,
  "pred_max": 5.951019763946533,
  "pred_mean": 5.4064987897872925,
  "train_loss": 4.245606118982488
}