{
  "folds": [
    {
      "fold": 1,
      "metrics_at_0_5": {
        "acc": 0.45454545454545453,
        "precision": 0.45454545454545453,
        "recall": 1.0,
        "f1": 0.625,
        "loss": 0.6943970123926798,
        "threshold": 0.5,
        "prob_min": 0.5044905543327332,
        "prob_max": 0.5049474835395813,
        "prob_mean": 0.5046576424078508,
        "pred_pos_rate": 1.0
      },
      "metrics_with_threshold": {
        "acc": 0.45454545454545453,
        "precision": 0.45454545454545453,
        "recall": 1.0,
        "f1": 0.625,
        "loss": 0.6943970123926798,
        "threshold": 0.1,
        "prob_min": 0.5044905543327332,
        "prob_max": 0.5049474835395813,
        "prob_mean": 0.5046576424078508,
        "pred_pos_rate": 1.0,
        "best_threshold": 0.1
      }
    },
    {
      "fold": 2,
      "metrics_at_0_5": {
        "acc": 0.45454545454545453,
        "precision": 0.45454545454545453,
        "recall": 1.0,
        "f1": 0.625,
        "loss": 0.6941399971644083,
        "threshold": 0.5,
        "prob_min": 0.5036420226097107,
        "prob_max": 0.5041800141334534,
        "prob_mean": 0.5039040825583718,
        "pred_pos_rate": 1.0
      },
      "metrics_with_threshold": {
        "acc": 0.45454545454545453,
        "precision": 0.45454545454545453,
        "recall": 1.0,
        "f1": 0.625,
        "loss": 0.6941399971644083,
        "threshold": 0.1,
        "prob_min": 0.5036420226097107,
        "prob_max": 0.5041800141334534,
        "prob_mean": 0.5039040825583718,
        "pred_pos_rate": 1.0,
        "best_threshold": 0.1
      }
    },
    {
      "fold": 3,
      "metrics_at_0_5": {
        "acc": 0.5,
        "precision": 0.0,
        "recall": 0.0,
        "f1": 0.0,
        "loss": 0.6883743405342102,
        "threshold": 0.5,
        "prob_min": 0.475597083568573,
        "prob_max": 0.47619178891181946,
        "prob_mean": 0.4759568125009537,
        "pred_pos_rate": 0.0
      },
      "metrics_with_threshold": {
        "acc": 0.5,
        "precision": 0.5,
        "recall": 1.0,
        "f1": 0.6666666666666666,
        "loss": 0.6883743405342102,
        "threshold": 0.1,
        "prob_min": 0.475597083568573,
        "prob_max": 0.47619178891181946,
        "prob_mean": 0.4759568125009537,
        "pred_pos_rate": 1.0,
        "best_threshold": 0.1
      }
    },
    {
      "fold": 4,
      "metrics_at_0_5": {
        "acc": 0.9,
        "precision": 0.8,
        "recall": 1.0,
        "f1": 0.888888888888889,
        "loss": 0.6927321354548136,
        "threshold": 0.5,
        "prob_min": 0.49961915612220764,
        "prob_max": 0.5003121495246887,
        "prob_mean": 0.4999412029981613,
        "pred_pos_rate": 0.5
      },
      "metrics_with_threshold": {
        "acc": 0.9,
        "precision": 0.8,
        "recall": 1.0,
        "f1": 0.888888888888889,
        "loss": 0.6927321354548136,
        "threshold": 0.5,
        "prob_min": 0.49961915612220764,
        "prob_max": 0.5003121495246887,
        "prob_mean": 0.4999412029981613,
        "pred_pos_rate": 0.5,
        "best_threshold": 0.5
      }
    },
    {
      "fold": 5,
      "metrics_at_0_5": {
        "acc": 0.8,
        "precision": 1.0,
        "recall": 0.5,
        "f1": 0.6666666666666666,
        "loss": 0.6917501290639242,
        "threshold": 0.5,
        "prob_min": 0.498553603887558,
        "prob_max": 0.5017210245132446,
        "prob_mean": 0.49938915967941283,
        "pred_pos_rate": 0.2
      },
      "metrics_with_threshold": {
        "acc": 0.8,
        "precision": 1.0,
        "recall": 0.5,
        "f1": 0.6666666666666666,
        "loss": 0.6917501290639242,
        "threshold": 0.5,
        "prob_min": 0.498553603887558,
        "prob_max": 0.5017210245132446,
        "prob_mean": 0.49938915967941283,
        "pred_pos_rate": 0.2,
        "best_threshold": 0.5
      }
    }
  ],
  "acc_mean": 0.6218181818181818,
  "acc_std": 0.18970181037487266,
  "precision_mean": 0.5418181818181818,
  "precision_std": 0.3421661671621162,
  "recall_mean": 0.7,
  "recall_std": 0.4,
  "f1_mean": 0.5611111111111111,
  "f1_std": 0.2971832788609883,
  "loss_mean": 0.6922787229220072,
  "loss_std": 0.002176266909587917
}