{
  "acc": 0.7582417582417582,
  "precision": 0.7422680412371134,
  "recall": 0.7912087912087912,
  "f1": 0.7659574468085107,
  "loss": 0.5645991663138071,
  "threshold": 0.5,
  "prob_min": 0.000568934774491936,
  "prob_max": 0.9980267882347107,
  "prob_mean": 0.5318722000840033,
  "pred_pos_rate": 0.532967032967033,
  "train_loss": 0.5222756925683755
}