{
  "acc": 0.7857142857142857,
  "precision": 0.0,
  "recall": 0.0,
  "f1": 0.0,
  "loss": 0.5073649063706398,
  "threshold": 0.5,
  "prob_min": 0.17263464629650116,
  "prob_max": 0.1841127574443817,
  "prob_mean": 0.1770365953977619,
  "pred_pos_rate": 0.0,
  "train_loss": 0.5227972011674534
}