{
  "acc": 0.5357142857142857,
  "precision": 0.29411764705882354,
  "recall": 0.8333333333333334,
  "f1": 0.4347826086956522,
  "loss": 0.6907587647438049,
  "threshold": 0.5,
  "prob_min": 0.45676255226135254,
  "prob_max": 0.5390294194221497,
  "prob_mean": 0.503352345100471,
  "pred_pos_rate": 0.6071428571428571,
  "train_loss": 0.6910755688493903
}