{
  "acc": 0.5,
  "precision": 0.2777777777777778,
  "recall": 0.8333333333333334,
  "f1": 0.4166666666666667,
  "loss": 0.6915770471096039,
  "threshold": 0.5,
  "prob_min": 0.4694828391075134,
  "prob_max": 0.5277682542800903,
  "prob_mean": 0.5026442557573318,
  "pred_pos_rate": 0.6428571428571429,
  "train_loss": 0.6882592548023571
}