{
  "mae": 4.6972147311483115,
  "rmse": 5.798072591385085,
  "ccc": 0.007174774500618204,
  "loss": 4.231183648109436,
  "pred_min": 4.940147399902344,
  "pred_max": 5.541762351989746,
  "pred_mean": 5.254488204206739,
  "train_loss": 4.311628276651556
}