{
  "acc": 0.42857142857142855,
  "precision": 0.4375,
  "recall": 0.5444444444444444,
  "f1": 0.48514851485148514,
  "threshold": 0.5,
  "pred_pos_rate": 0.6153846153846154
}