{
  "acc": 0.44505494505494503,
  "precision": 0.4444444444444444,
  "recall": 0.4888888888888889,
  "f1": 0.4656084656084655,
  "threshold": 0.5,
  "pred_pos_rate": 0.5439560439560439
}