{
  "acc": 0.37362637362637363,
  "precision": 0.3925233644859813,
  "recall": 0.46153846153846156,
  "f1": 0.42424242424242425,
  "threshold": 0.5,
  "pred_pos_rate": 0.5879120879120879
}