{
  "acc": 0.38461538461538464,
  "precision": 0.4036697247706422,
  "recall": 0.4835164835164835,
  "f1": 0.43999999999999995,
  "threshold": 0.5,
  "pred_pos_rate": 0.5989010989010989
}