{
  "acc": 0.34615384615384615,
  "precision": 0.34444444444444444,
  "recall": 0.34065934065934067,
  "f1": 0.3425414364640884,
  "threshold": 0.5,
  "pred_pos_rate": 0.4945054945054945
}