{
  "acc": 0.3956043956043956,
  "precision": 0.411214953271028,
  "recall": 0.4835164835164835,
  "f1": 0.4444444444444445,
  "threshold": 0.5,
  "pred_pos_rate": 0.5879120879120879
}