{
  "acc": 0.40437158469945356,
  "precision": 0.41,
  "recall": 0.45054945054945056,
  "f1": 0.4293193717277487,
  "threshold": 0.5,
  "pred_pos_rate": 0.546448087431694
}