{
  "acc": 0.32967032967032966,
  "precision": 0.3434343434343434,
  "recall": 0.37362637362637363,
  "f1": 0.35789473684210527,
  "threshold": 0.5,
  "pred_pos_rate": 0.5439560439560439
}