{
  "acc": 0.33879781420765026,
  "precision": 0.3557692307692308,
  "recall": 0.4065934065934066,
  "f1": 0.3794871794871795,
  "threshold": 0.5,
  "pred_pos_rate": 0.5683060109289617
}