{
  "acc": 0.3442622950819672,
  "precision": 0.35353535353535354,
  "recall": 0.38461538461538464,
  "f1": 0.368421052631579,
  "threshold": 0.5,
  "pred_pos_rate": 0.5409836065573771
}