{
  "acc": 0.7362637362637363,
  "precision": 0.7142857142857143,
  "recall": 0.7777777777777778,
  "f1": 0.7446808510638298,
  "threshold": 0.5,
  "pred_pos_rate": 0.5384615384615384
}