{
  "acc": 0.8076923076923077,
  "precision": 0.78,
  "recall": 0.8571428571428571,
  "f1": 0.8167539267015708,
  "threshold": 0.5,
  "pred_pos_rate": 0.5494505494505495
}