{
  "acc": 0.7637362637362637,
  "precision": 0.7448979591836735,
  "recall": 0.8021978021978022,
  "f1": 0.7724867724867726,
  "threshold": 0.5,
  "pred_pos_rate": 0.5384615384615384
}