{
  "acc": 0.7582417582417582,
  "precision": 0.7326732673267327,
  "recall": 0.8131868131868132,
  "f1": 0.7708333333333334,
  "threshold": 0.5,
  "pred_pos_rate": 0.554945054945055
}