{
  "acc": 0.7362637362637363,
  "precision": 0.7692307692307693,
  "recall": 0.6666666666666666,
  "f1": 0.7142857142857142,
  "threshold": 0.5,
  "pred_pos_rate": 0.42857142857142855
}