{
  "acc": 0.7704918032786885,
  "precision": 0.7752808988764045,
  "recall": 0.7582417582417582,
  "f1": 0.7666666666666667,
  "threshold": 0.5,
  "pred_pos_rate": 0.48633879781420764
}