{
  "acc": 0.7857142857142857,
  "precision": 0.782608695652174,
  "recall": 0.7912087912087912,
  "f1": 0.7868852459016393,
  "threshold": 0.5,
  "pred_pos_rate": 0.5054945054945055
}