{
  "acc": 0.6666666666666666,
  "precision": 0.6704545454545454,
  "recall": 0.6483516483516484,
  "f1": 0.6592178770949721,
  "threshold": 0.5,
  "pred_pos_rate": 0.4808743169398907
}