{
  "acc": 0.7032967032967034,
  "precision": 0.7283950617283951,
  "recall": 0.6483516483516484,
  "f1": 0.686046511627907,
  "threshold": 0.5,
  "pred_pos_rate": 0.44505494505494503
}