{
  "acc": 0.7362637362637363,
  "precision": 0.723404255319149,
  "recall": 0.7555555555555555,
  "f1": 0.7391304347826088,
  "loss": 0.596143051981926,
  "threshold": 0.5,
  "prob_min": 0.021225009113550186,
  "prob_max": 0.989556610584259,
  "prob_mean": 0.5335134368819686,
  "pred_pos_rate": 0.5164835164835165,
  "train_loss": 0.5420258893416479
}