{
  "acc": 0.7923497267759563,
  "precision": 0.8117647058823529,
  "recall": 0.7582417582417582,
  "f1": 0.7840909090909092,
  "threshold": 0.5,
  "pred_pos_rate": 0.4644808743169399
}