{
  "acc": 0.8021978021978022,
  "precision": 0.7894736842105263,
  "recall": 0.8241758241758241,
  "f1": 0.8064516129032259,
  "threshold": 0.5,
  "pred_pos_rate": 0.521978021978022
}