{
  "acc": 0.8131868131868132,
  "precision": 0.8,
  "recall": 0.8351648351648352,
  "f1": 0.8172043010752689,
  "threshold": 0.5,
  "pred_pos_rate": 0.521978021978022
}