{
  "acc": 0.6939890710382514,
  "precision": 0.6923076923076923,
  "recall": 0.6923076923076923,
  "f1": 0.6923076923076923,
  "threshold": 0.5,
  "pred_pos_rate": 0.4972677595628415
}