{
  "acc": 0.7912087912087912,
  "precision": 0.825,
  "recall": 0.7333333333333333,
  "f1": 0.776470588235294,
  "threshold": 0.5,
  "pred_pos_rate": 0.43956043956043955
}