{
  "acc": 0.6939890710382514,
  "precision": 0.7011494252873564,
  "recall": 0.6703296703296703,
  "f1": 0.6853932584269663,
  "threshold": 0.5,
  "pred_pos_rate": 0.47540983606557374
}