{
  "acc": 0.8131868131868132,
  "precision": 0.8255813953488372,
  "recall": 0.7888888888888889,
  "f1": 0.8068181818181818,
  "threshold": 0.5,
  "pred_pos_rate": 0.4725274725274725
}