{
  "acc": 0.7967032967032966,
  "precision": 0.813953488372093,
  "recall": 0.7692307692307693,
  "f1": 0.7909604519774011,
  "threshold": 0.5,
  "pred_pos_rate": 0.4725274725274725
}