{
  "acc": 0.7252747252747253,
  "precision": 0.7733333333333333,
  "recall": 0.6373626373626373,
  "f1": 0.6987951807228915,
  "threshold": 0.5,
  "pred_pos_rate": 0.41208791208791207
}