{
  "acc": 0.6428571428571429,
  "precision": 0.34615384615384615,
  "recall": 0.75,
  "f1": 0.4736842105263157,
  "loss": 0.6768315732479095,
  "threshold": 0.5,
  "prob_min": 0.41525185108184814,
  "prob_max": 0.5800331830978394,
  "prob_mean": 0.4948773336197649,
  "pred_pos_rate": 0.4642857142857143,
  "train_loss": 0.6572434251958673
}