{
  "mae": 5.038806693894522,
  "rmse": 5.830206176517008,
  "ccc": 0.08151182084157167,
  "loss": 1.0109485238790512,
  "loss_space": "normalized",
  "pred_min": 6.116930961608887,
  "pred_max": 11.621423721313477,
  "pred_mean": 8.537837999207634,
  "train_loss": 1.0591439442201094,
  "target_normalizer": {
    "mean": 6.656441717791411,
    "std": 6.093726400902584,
    "enabled": true
  },
  "use_regression_weights": true,
  "positive_weight": "3.4054054054054053"
}