{
  "acc": 0.7527472527472527,
  "precision": 0.7169811320754716,
  "recall": 0.8351648351648352,
  "f1": 0.7715736040609137,
  "loss": 0.5516014148791631,
  "threshold": 0.5,
  "prob_min": 0.08930568397045135,
  "prob_max": 0.9965728521347046,
  "prob_mean": 0.5834868266605414,
  "pred_pos_rate": 0.5824175824175825,
  "train_loss": 0.5389453396201134
}