{
  "acc": 0.48214285714285715,
  "precision": 0.28205128205128205,
  "recall": 0.9166666666666666,
  "f1": 0.4313725490196078,
  "loss": 0.6982418447732925,
  "threshold": 0.5,
  "prob_min": 0.47296684980392456,
  "prob_max": 0.536472737789154,
  "prob_mean": 0.5087387061544827,
  "pred_pos_rate": 0.6964285714285714,
  "train_loss": 0.6844243732365695
}