{
  "acc": 0.8,
  "precision": 0.6666666666666666,
  "recall": 1.0,
  "f1": 0.8,
  "loss": 0.5310275455315908,
  "threshold": 0.5,
  "prob_min": 0.27704012393951416,
  "prob_max": 0.916675329208374,
  "prob_mean": 0.5813417434692383,
  "pred_pos_rate": 0.6,
  "train_loss": 0.28886958956718445
}