{
  "acc": 0.7142857142857143,
  "precision": 0.69,
  "recall": 0.7666666666666667,
  "f1": 0.7263157894736842,
  "loss": 0.560268352429072,
  "threshold": 0.5,
  "prob_min": 0.08997847884893417,
  "prob_max": 0.9970585107803345,
  "prob_mean": 0.5493233553082734,
  "pred_pos_rate": 0.5494505494505495,
  "train_loss": 0.5366506851636447
}