{
  "folds": [
    {
      "fold": 1,
      "metrics_at_0_5": {
        "acc": 0.7486338797814208,
        "precision": 0.7419354838709677,
        "recall": 0.7582417582417582,
        "f1": 0.75,
        "loss": 0.5504991759856542,
        "threshold": 0.5,
        "prob_min": 0.11673177778720856,
        "prob_max": 0.907093346118927,
        "prob_mean": 0.5063333218214942,
        "pred_pos_rate": 0.5081967213114754
      },
      "metrics_with_threshold": {
        "acc": 0.7486338797814208,
        "precision": 0.7419354838709677,
        "recall": 0.7582417582417582,
        "f1": 0.75,
        "loss": 0.5504991759856542,
        "threshold": 0.5,
        "prob_min": 0.11673177778720856,
        "prob_max": 0.907093346118927,
        "prob_mean": 0.5063333218214942,
        "pred_pos_rate": 0.5081967213114754,
        "best_threshold": 0.5
      }
    },
    {
      "fold": 2,
      "metrics_at_0_5": {
        "acc": 0.7923497267759563,
        "precision": 0.7789473684210526,
        "recall": 0.8131868131868132,
        "f1": 0.7956989247311829,
        "loss": 0.5227173219124476,
        "threshold": 0.5,
        "prob_min": 0.019958849996328354,
        "prob_max": 0.9949268102645874,
        "prob_mean": 0.49715318762865224,
        "pred_pos_rate": 0.5191256830601093
      },
      "metrics_with_threshold": {
        "acc": 0.7923497267759563,
        "precision": 0.7789473684210526,
        "recall": 0.8131868131868132,
        "f1": 0.7956989247311829,
        "loss": 0.5227173219124476,
        "threshold": 0.5,
        "prob_min": 0.019958849996328354,
        "prob_max": 0.9949268102645874,
        "prob_mean": 0.49715318762865224,
        "pred_pos_rate": 0.5191256830601093,
        "best_threshold": 0.5
      }
    },
    {
      "fold": 3,
      "metrics_at_0_5": {
        "acc": 0.7158469945355191,
        "precision": 0.696969696969697,
        "recall": 0.7582417582417582,
        "f1": 0.7263157894736841,
        "loss": 0.5949944208065668,
        "threshold": 0.5,
        "prob_min": 0.0198872871696949,
        "prob_max": 0.9939119815826416,
        "prob_mean": 0.5311390476738983,
        "pred_pos_rate": 0.5409836065573771
      },
      "metrics_with_threshold": {
        "acc": 0.6939890710382514,
        "precision": 0.631578947368421,
        "recall": 0.9230769230769231,
        "f1": 0.7499999999999999,
        "loss": 0.5949944208065668,
        "threshold": 0.33,
        "prob_min": 0.0198872871696949,
        "prob_max": 0.9939119815826416,
        "prob_mean": 0.5311390476738983,
        "pred_pos_rate": 0.726775956284153,
        "best_threshold": 0.33
      }
    },
    {
      "fold": 4,
      "metrics_at_0_5": {
        "acc": 0.7637362637362637,
        "precision": 0.7727272727272727,
        "recall": 0.7472527472527473,
        "f1": 0.7597765363128491,
        "loss": 0.5341617663701376,
        "threshold": 0.5,
        "prob_min": 0.10949087142944336,
        "prob_max": 0.9677046537399292,
        "prob_mean": 0.5266466538657198,
        "pred_pos_rate": 0.4835164835164835
      },
      "metrics_with_threshold": {
        "acc": 0.7692307692307693,
        "precision": 0.7752808988764045,
        "recall": 0.7582417582417582,
        "f1": 0.7666666666666667,
        "loss": 0.5341617663701376,
        "threshold": 0.49,
        "prob_min": 0.10949087142944336,
        "prob_max": 0.9677046537399292,
        "prob_mean": 0.5266466538657198,
        "pred_pos_rate": 0.489010989010989,
        "best_threshold": 0.49
      }
    },
    {
      "fold": 5,
      "metrics_at_0_5": {
        "acc": 0.7362637362637363,
        "precision": 0.7311827956989247,
        "recall": 0.7472527472527473,
        "f1": 0.7391304347826086,
        "loss": 0.5550717413425446,
        "threshold": 0.5,
        "prob_min": 0.04278142377734184,
        "prob_max": 0.9937304258346558,
        "prob_mean": 0.5240034575031681,
        "pred_pos_rate": 0.510989010989011
      },
      "metrics_with_threshold": {
        "acc": 0.7142857142857143,
        "precision": 0.6585365853658537,
        "recall": 0.8901098901098901,
        "f1": 0.7570093457943925,
        "loss": 0.5550717413425446,
        "threshold": 0.36,
        "prob_min": 0.04278142377734184,
        "prob_max": 0.9937304258346558,
        "prob_mean": 0.5240034575031681,
        "pred_pos_rate": 0.6758241758241759,
        "best_threshold": 0.36
      }
    },
    {
      "fold": 6,
      "metrics_at_0_5": {
        "acc": 0.6648351648351648,
        "precision": 0.6530612244897959,
        "recall": 0.7032967032967034,
        "f1": 0.6772486772486773,
        "loss": 0.6501069168249766,
        "threshold": 0.5,
        "prob_min": 0.01600736752152443,
        "prob_max": 0.9841280579566956,
        "prob_mean": 0.5261934484344918,
        "pred_pos_rate": 0.5384615384615384
      },
      "metrics_with_threshold": {
        "acc": 0.6593406593406593,
        "precision": 0.6106870229007634,
        "recall": 0.8791208791208791,
        "f1": 0.7207207207207207,
        "loss": 0.6501069168249766,
        "threshold": 0.30000000000000004,
        "prob_min": 0.01600736752152443,
        "prob_max": 0.9841280579566956,
        "prob_mean": 0.5261934484344918,
        "pred_pos_rate": 0.7197802197802198,
        "best_threshold": 0.30000000000000004
      }
    },
    {
      "fold": 7,
      "metrics_at_0_5": {
        "acc": 0.7307692307692307,
        "precision": 0.7560975609756098,
        "recall": 0.6813186813186813,
        "f1": 0.7167630057803469,
        "loss": 0.571229894955953,
        "threshold": 0.5,
        "prob_min": 0.05646007880568504,
        "prob_max": 0.996184766292572,
        "prob_mean": 0.5066145648258727,
        "pred_pos_rate": 0.45054945054945056
      },
      "metrics_with_threshold": {
        "acc": 0.6373626373626373,
        "precision": 0.5862068965517241,
        "recall": 0.9340659340659341,
        "f1": 0.7203389830508475,
        "loss": 0.571229894955953,
        "threshold": 0.27,
        "prob_min": 0.05646007880568504,
        "prob_max": 0.996184766292572,
        "prob_mean": 0.5066145648258727,
        "pred_pos_rate": 0.7967032967032966,
        "best_threshold": 0.27
      }
    },
    {
      "fold": 8,
      "metrics_at_0_5": {
        "acc": 0.7252747252747253,
        "precision": 0.7029702970297029,
        "recall": 0.7802197802197802,
        "f1": 0.7395833333333333,
        "loss": 0.5536238451798757,
        "threshold": 0.5,
        "prob_min": 0.055566251277923584,
        "prob_max": 0.9921380877494812,
        "prob_mean": 0.5365476191125729,
        "pred_pos_rate": 0.554945054945055
      },
      "metrics_with_threshold": {
        "acc": 0.6923076923076923,
        "precision": 0.6296296296296297,
        "recall": 0.9340659340659341,
        "f1": 0.752212389380531,
        "loss": 0.5536238451798757,
        "threshold": 0.32,
        "prob_min": 0.055566251277923584,
        "prob_max": 0.9921380877494812,
        "prob_mean": 0.5365476191125729,
        "pred_pos_rate": 0.7417582417582418,
        "best_threshold": 0.32
      }
    },
    {
      "fold": 9,
      "metrics_at_0_5": {
        "acc": 0.7142857142857143,
        "precision": 0.69,
        "recall": 0.7666666666666667,
        "f1": 0.7263157894736842,
        "loss": 0.560268352429072,
        "threshold": 0.5,
        "prob_min": 0.08997847884893417,
        "prob_max": 0.9970585107803345,
        "prob_mean": 0.5493233553082734,
        "pred_pos_rate": 0.5494505494505495
      },
      "metrics_with_threshold": {
        "acc": 0.6758241758241759,
        "precision": 0.6068965517241379,
        "recall": 0.9777777777777777,
        "f1": 0.7489361702127659,
        "loss": 0.560268352429072,
        "threshold": 0.29000000000000004,
        "prob_min": 0.08997847884893417,
        "prob_max": 0.9970585107803345,
        "prob_mean": 0.5493233553082734,
        "pred_pos_rate": 0.7967032967032966,