{
  "acc": 0.7307692307692307,
  "precision": 0.7733333333333333,
  "recall": 0.6444444444444445,
  "f1": 0.7030303030303031,
  "loss": 0.5828748891750971,
  "threshold": 0.5,
  "prob_min": 0.10839081555604935,
  "prob_max": 0.913123369216919,
  "prob_mean": 0.4532388913353066,
  "pred_pos_rate": 0.41208791208791207,
  "train_loss": 0.6168325938857518
}