{
  "acc": 0.6885245901639344,
  "precision": 0.67,
  "recall": 0.7362637362637363,
  "f1": 0.7015706806282723,
  "loss": 0.6094832171996435,
  "threshold": 0.5,
  "prob_min": 0.018110962584614754,
  "prob_max": 0.9879077076911926,
  "prob_mean": 0.5340901187880606,
  "pred_pos_rate": 0.546448087431694,
  "train_loss": 0.5260646085326488
}