{
  "acc": 0.7307692307692307,
  "precision": 0.759493670886076,
  "recall": 0.6666666666666666,
  "f1": 0.7100591715976332,
  "loss": 0.5766212592522303,
  "threshold": 0.5,
  "prob_min": 0.10436089336872101,
  "prob_max": 0.9533444046974182,
  "prob_mean": 0.4939782377946508,
  "pred_pos_rate": 0.4340659340659341,
  "train_loss": 0.574673365515012
}