{
  "acc": 0.6939890710382514,
  "precision": 0.6804123711340206,
  "recall": 0.7252747252747253,
  "f1": 0.7021276595744682,
  "loss": 0.5992844998836517,
  "threshold": 0.5,
  "prob_min": 0.025028297677636147,
  "prob_max": 0.9860897064208984,
  "prob_mean": 0.5089427292896588,
  "pred_pos_rate": 0.5300546448087432,
  "train_loss": 0.5158007041766093
}