{
  "acc": 0.7857142857142857,
  "precision": 0.0,
  "recall": 0.0,
  "f1": 0.0,
  "loss": 0.5073994398117065,
  "threshold": 0.5,
  "prob_min": 0.17269185185432434,
  "prob_max": 0.1840686798095703,
  "prob_mean": 0.1770324201456138,
  "pred_pos_rate": 0.0,
  "train_loss": 0.5229013982144269
}