{
  "folds": [
    {
      "fold": 1,
      "metrics_at_0_5": {
        "acc": 0.7650273224043715,
        "precision": 0.7553191489361702,
        "recall": 0.7802197802197802,
        "f1": 0.7675675675675676,
        "loss": 0.5107322136561075,
        "threshold": 0.5,
        "prob_min": 0.034427132457494736,
        "prob_max": 0.9869408011436462,
        "prob_mean": 0.524039990222845,
        "pred_pos_rate": 0.5136612021857924
      },
      "metrics_with_threshold": {
        "acc": 0.7486338797814208,
        "precision": 0.6859504132231405,
        "recall": 0.9120879120879121,
        "f1": 0.7830188679245284,
        "loss": 0.5107322136561075,
        "threshold": 0.35,
        "prob_min": 0.034427132457494736,
        "prob_max": 0.9869408011436462,
        "prob_mean": 0.524039990222845,
        "pred_pos_rate": 0.6612021857923497,
        "best_threshold": 0.35
      }
    },
    {
      "fold": 2,
      "metrics_at_0_5": {
        "acc": 0.6939890710382514,
        "precision": 0.6804123711340206,
        "recall": 0.7252747252747253,
        "f1": 0.7021276595744682,
        "loss": 0.5992844998836517,
        "threshold": 0.5,
        "prob_min": 0.025028297677636147,
        "prob_max": 0.9860897064208984,
        "prob_mean": 0.5089427292896588,
        "pred_pos_rate": 0.5300546448087432
      },
      "metrics_with_threshold": {
        "acc": 0.6502732240437158,
        "precision": 0.5906040268456376,
        "recall": 0.967032967032967,
        "f1": 0.7333333333333333,
        "loss": 0.5992844998836517,
        "threshold": 0.25,
        "prob_min": 0.025028297677636147,
        "prob_max": 0.9860897064208984,
        "prob_mean": 0.5089427292896588,
        "pred_pos_rate": 0.8142076502732241,
        "best_threshold": 0.25
      }
    },
    {
      "fold": 3,
      "metrics_at_0_5": {
        "acc": 0.6612021857923497,
        "precision": 0.638095238095238,
        "recall": 0.7362637362637363,
        "f1": 0.6836734693877551,
        "loss": 0.6471595466136932,
        "threshold": 0.5,
        "prob_min": 0.03623906895518303,
        "prob_max": 0.9972357153892517,
        "prob_mean": 0.5442481639036716,
        "pred_pos_rate": 0.5737704918032787
      },
      "metrics_with_threshold": {
        "acc": 0.644808743169399,
        "precision": 0.5984848484848485,
        "recall": 0.8681318681318682,
        "f1": 0.7085201793721972,
        "loss": 0.6471595466136932,
        "threshold": 0.33,
        "prob_min": 0.03623906895518303,
        "prob_max": 0.9972357153892517,
        "prob_mean": 0.5442481639036716,
        "pred_pos_rate": 0.7213114754098361,
        "best_threshold": 0.33
      }
    },
    {
      "fold": 4,
      "metrics_at_0_5": {
        "acc": 0.7637362637362637,
        "precision": 0.7608695652173914,
        "recall": 0.7692307692307693,
        "f1": 0.7650273224043715,
        "loss": 0.5399333933989207,
        "threshold": 0.5,
        "prob_min": 0.00951459538191557,
        "prob_max": 0.9960718154907227,
        "prob_mean": 0.5198771688667546,
        "pred_pos_rate": 0.5054945054945055
      },
      "metrics_with_threshold": {
        "acc": 0.7637362637362637,
        "precision": 0.7608695652173914,
        "recall": 0.7692307692307693,
        "f1": 0.7650273224043715,
        "loss": 0.5399333933989207,
        "threshold": 0.5,
        "prob_min": 0.00951459538191557,
        "prob_max": 0.9960718154907227,
        "prob_mean": 0.5198771688667546,
        "pred_pos_rate": 0.5054945054945055,
        "best_threshold": 0.5
      }
    },
    {
      "fold": 5,
      "metrics_at_0_5": {
        "acc": 0.7472527472527473,
        "precision": 0.7319587628865979,
        "recall": 0.7802197802197802,
        "f1": 0.7553191489361702,
        "loss": 0.562470962603887,
        "threshold": 0.5,
        "prob_min": 0.0399111732840538,
        "prob_max": 0.9929689764976501,
        "prob_mean": 0.5241170289956933,
        "pred_pos_rate": 0.532967032967033
      },
      "metrics_with_threshold": {
        "acc": 0.7472527472527473,
        "precision": 0.7319587628865979,
        "recall": 0.7802197802197802,
        "f1": 0.7553191489361702,
        "loss": 0.562470962603887,
        "threshold": 0.5,
        "prob_min": 0.0399111732840538,
        "prob_max": 0.9929689764976501,
        "prob_mean": 0.5241170289956933,
        "pred_pos_rate": 0.532967032967033,
        "best_threshold": 0.5
      }
    },
    {
      "fold": 6,
      "metrics_at_0_5": {
        "acc": 0.7582417582417582,
        "precision": 0.7422680412371134,
        "recall": 0.7912087912087912,
        "f1": 0.7659574468085107,
        "loss": 0.5645991663138071,
        "threshold": 0.5,
        "prob_min": 0.000568934774491936,
        "prob_max": 0.9980267882347107,
        "prob_mean": 0.5318722000840033,
        "pred_pos_rate": 0.532967032967033
      },
      "metrics_with_threshold": {
        "acc": 0.7582417582417582,
        "precision": 0.7043478260869566,
        "recall": 0.8901098901098901,
        "f1": 0.7864077669902914,
        "loss": 0.5645991663138071,
        "threshold": 0.39,
        "prob_min": 0.000568934774491936,
        "prob_max": 0.9980267882347107,
        "prob_mean": 0.5318722000840033,
        "pred_pos_rate": 0.6318681318681318,
        "best_threshold": 0.39
      }
    },
    {
      "fold": 7,
      "metrics_at_0_5": {
        "acc": 0.7417582417582418,
        "precision": 0.7037037037037037,
        "recall": 0.8351648351648352,
        "f1": 0.7638190954773868,
        "loss": 0.5466289818286896,
        "threshold": 0.5,
        "prob_min": 0.04929731786251068,
        "prob_max": 0.9797475337982178,
        "prob_mean": 0.5697608164378575,
        "pred_pos_rate": 0.5934065934065934
      },
      "metrics_with_threshold": {
        "acc": 0.7472527472527473,
        "precision": 0.7064220183486238,
        "recall": 0.8461538461538461,
        "f1": 0.7699999999999999,
        "loss": 0.5466289818286896,
        "threshold": 0.47,
        "prob_min": 0.04929731786251068,
        "prob_max": 0.9797475337982178,
        "prob_mean": 0.5697608164378575,
        "pred_pos_rate": 0.5989010989010989,
        "best_threshold": 0.47
      }
    },
    {
      "fold": 8,
      "metrics_at_0_5": {
        "acc": 0.6868131868131868,
        "precision": 0.6847826086956522,
        "recall": 0.6923076923076923,
        "f1": 0.6885245901639345,
        "loss": 0.6168591777483622,
        "threshold": 0.5,
        "prob_min": 0.009717999026179314,
        "prob_max": 0.9947287440299988,
        "prob_mean": 0.5383269404173716,
        "pred_pos_rate": 0.5054945054945055
      },
      "metrics_with_threshold": {
        "acc": 0.6538461538461539,
        "precision": 0.609375,
        "recall": 0.8571428571428571,
        "f1": 0.7123287671232875,
        "loss": 0.6168591777483622,
        "threshold": 0.36,
        "prob_min": 0.009717999026179314,
        "prob_max": 0.9947287440299988,
        "prob_mean": 0.5383269404173716,
        "pred_pos_rate": 0.7032967032967034,
        "best_threshold": 0.36
      }
    },
    {
      "fold": 9,
      "metrics_at_0_5": {
        "acc": 0.7307692307692307,
        "precision": 0.759493670886076,
        "recall": 0.6666666666666666,
        "f1": 0.7100591715976332,
        "loss": 0.5766212592522303,
        "threshold": 0.5,
        "prob_min": 0.10436089336872101,
        "prob_max": 0.9533444046974182,
        "prob_mean": 0.4939782377946508,
        "pred_pos_rate": 0.4340659340659341
      },
      "metrics_with_threshold": {
        "acc": 0.7087912087912088,
        "precision": 0.6947368421052632,
        "recall": 0.7333333333333333,
        "f1": 0.7135135135135134,
        "loss": 0.5766212592522303,
        "threshold": 0.35,
        "prob_min": 0.10436089336872101,
        "prob_max": 0.9533444046974182,
        "prob_mean": 0.4939782377946508,
        "pred_pos_rate": 0.521978021978022,