{
  "acc": 0.5604395604395604,
  "precision": 0.5470085470085471,
  "recall": 0.7032967032967034,
  "f1": 0.6153846153846154,
  "loss": 0.6707451144854227,
  "threshold": 0.5,
  "prob_min": 0.24443203210830688,
  "prob_max": 0.7074793577194214,
  "prob_mean": 0.5153966608283284,
  "pred_pos_rate": 0.6428571428571429,
  "train_loss": 0.6758672239688727
}