{
  "acc": 0.6612021857923497,
  "precision": 0.638095238095238,
  "recall": 0.7362637362637363,
  "f1": 0.6836734693877551,
  "loss": 0.6471595466136932,
  "threshold": 0.5,
  "prob_min": 0.03623906895518303,
  "prob_max": 0.9972357153892517,
  "prob_mean": 0.5442481639036716,
  "pred_pos_rate": 0.5737704918032787,
  "train_loss": 0.5101096051243635
}