{
  "acc": 0.7747252747252747,
  "precision": 0.7816091954022989,
  "recall": 0.7555555555555555,
  "f1": 0.768361581920904,
  "threshold": 0.5,
  "pred_pos_rate": 0.47802197802197804
}