{
  "acc": 0.7377049180327869,
  "precision": 0.7654320987654321,
  "recall": 0.6813186813186813,
  "f1": 0.7209302325581395,
  "threshold": 0.5,
  "pred_pos_rate": 0.4426229508196721
}