{
  "acc": 0.7417582417582418,
  "precision": 0.7444444444444445,
  "recall": 0.7362637362637363,
  "f1": 0.7403314917127072,
  "threshold": 0.5,
  "pred_pos_rate": 0.4945054945054945
}