{
  "acc": 0.7747252747252747,
  "precision": 0.7777777777777778,
  "recall": 0.7692307692307693,
  "f1": 0.7734806629834255,
  "threshold": 0.5,
  "pred_pos_rate": 0.4945054945054945
}