{
  "acc": 0.7582417582417582,
  "precision": 0.7875,
  "recall": 0.7,
  "f1": 0.7411764705882352,
  "threshold": 0.5,
  "pred_pos_rate": 0.43956043956043955
}