{
  "acc": 0.7857142857142857,
  "precision": 0.7888888888888889,
  "recall": 0.7802197802197802,
  "f1": 0.7845303867403316,
  "threshold": 0.5,
  "pred_pos_rate": 0.4945054945054945
}