{
  "acc": 0.73224043715847,
  "precision": 0.7386363636363636,
  "recall": 0.7142857142857143,
  "f1": 0.7262569832402235,
  "threshold": 0.5,
  "pred_pos_rate": 0.4808743169398907
}