{
  "acc": 0.7747252747252747,
  "precision": 0.7840909090909091,
  "recall": 0.7582417582417582,
  "f1": 0.770949720670391,
  "threshold": 0.5,
  "pred_pos_rate": 0.4835164835164835
}