{
  "acc": 0.7213114754098361,
  "precision": 0.7222222222222222,
  "recall": 0.7142857142857143,
  "f1": 0.7182320441988951,
  "threshold": 0.5,
  "pred_pos_rate": 0.4918032786885246
}