{
  "acc": 0.35714285714285715,
  "precision": 0.25,
  "recall": 1.0,
  "f1": 0.4,
  "loss": 0.6965811252593994,
  "threshold": 0.5,
  "prob_min": 0.4815489947795868,
  "prob_max": 0.5472311973571777,
  "prob_mean": 0.5191382419850145,
  "pred_pos_rate": 0.8571428571428571,
  "train_loss": 0.7043408372185447
}