{
  "acc": 0.7307692307692307,
  "precision": 0.7560975609756098,
  "recall": 0.6813186813186813,
  "f1": 0.7167630057803469,
  "loss": 0.571229894955953,
  "threshold": 0.5,
  "prob_min": 0.05646007880568504,
  "prob_max": 0.996184766292572,
  "prob_mean": 0.5066145648258727,
  "pred_pos_rate": 0.45054945054945056,
  "train_loss": 0.5239857194515375
}