{
  "acc": 0.7637362637362637,
  "precision": 0.7727272727272727,
  "recall": 0.7472527472527473,
  "f1": 0.7597765363128491,
  "loss": 0.5341617663701376,
  "threshold": 0.5,
  "prob_min": 0.10949087142944336,
  "prob_max": 0.9677046537399292,
  "prob_mean": 0.5266466538657198,
  "pred_pos_rate": 0.4835164835164835,
  "train_loss": 0.5646139704264127
}