{
  "acc": 0.7637362637362637,
  "precision": 0.7831325301204819,
  "recall": 0.7222222222222222,
  "f1": 0.7514450867052022,
  "loss": 0.5486140896876653,
  "threshold": 0.5,
  "prob_min": 0.0012521024327725172,
  "prob_max": 0.9873372912406921,
  "prob_mean": 0.4947102482642999,
  "pred_pos_rate": 0.45604395604395603,
  "train_loss": 0.5305221407459333
}