{
  "folds": [
    {
      "fold": 1,
      "metrics_at_0_5": {
        "acc": 0.7272727272727273,
        "precision": 0.6666666666666666,
        "recall": 0.8,
        "f1": 0.7272727272727272,
        "loss": 0.6573289434115092,
        "threshold": 0.5,
        "prob_min": 0.37101882696151733,
        "prob_max": 0.5886444449424744,
        "prob_mean": 0.5012191832065582,
        "pred_pos_rate": 0.5454545454545454
      },
      "metrics_with_threshold": {
        "acc": 0.7272727272727273,
        "precision": 0.6666666666666666,
        "recall": 0.8,
        "f1": 0.7272727272727272,
        "loss": 0.6573289434115092,
        "threshold": 0.48,
        "prob_min": 0.37101882696151733,
        "prob_max": 0.5886444449424744,
        "prob_mean": 0.5012191832065582,
        "pred_pos_rate": 0.5454545454545454,
        "best_threshold": 0.48
      }
    }
  ],
  "acc_mean": 0.7272727272727273,
  "acc_std": 0.0,
  "precision_mean": 0.6666666666666666,
  "precision_std": 0.0,
  "recall_mean": 0.8,
  "recall_std": 0.0,
  "f1_mean": 0.7272727272727272,
  "f1_std": 0.0,
  "loss_mean": 0.6573289434115092,
  "loss_std": 0.0
}