{
  "acc": 0.21428571428571427,
  "precision": 0.21428571428571427,
  "recall": 1.0,
  "f1": 0.35294117647058826,
  "loss": 0.713299959897995,
  "threshold": 0.5,
  "prob_min": 0.5655669569969177,
  "prob_max": 0.5673396587371826,
  "prob_mean": 0.5663931518793106,
  "pred_pos_rate": 1.0,
  "train_loss": 0.6935471946542914
}