{
  "acc": 0.6607142857142857,
  "precision": 0.34782608695652173,
  "recall": 0.6666666666666666,
  "f1": 0.4571428571428571,
  "loss": 0.6765115708112717,
  "threshold": 0.5,
  "prob_min": 0.38021448254585266,
  "prob_max": 0.6920422315597534,
  "prob_mean": 0.4896254927984306,
  "pred_pos_rate": 0.4107142857142857,
  "train_loss": 0.6195887435566295
}