{
  "acc": 0.43956043956043955,
  "precision": 0.43209876543209874,
  "recall": 0.38461538461538464,
  "f1": 0.4069767441860465,
  "threshold": 0.5,
  "pred_pos_rate": 0.44505494505494503
}