{
  "acc": 0.4426229508196721,
  "precision": 0.43820224719101125,
  "recall": 0.42857142857142855,
  "f1": 0.4333333333333333,
  "threshold": 0.5,
  "pred_pos_rate": 0.48633879781420764
}