{
  "acc": 0.4262295081967213,
  "precision": 0.425531914893617,
  "recall": 0.43956043956043955,
  "f1": 0.43243243243243246,
  "threshold": 0.5,
  "pred_pos_rate": 0.5136612021857924
}