{
  "acc": 0.4945054945054945,
  "precision": 0.48936170212765956,
  "recall": 0.5111111111111111,
  "f1": 0.5,
  "threshold": 0.5,
  "pred_pos_rate": 0.5164835164835165
}