{
  "acc": 0.4945054945054945,
  "precision": 0.49473684210526314,
  "recall": 0.5164835164835165,
  "f1": 0.5053763440860214,
  "threshold": 0.5,
  "pred_pos_rate": 0.521978021978022
}