{
  "acc": 0.41530054644808745,
  "precision": 0.4166666666666667,
  "recall": 0.43956043956043955,
  "f1": 0.42780748663101603,
  "threshold": 0.5,
  "pred_pos_rate": 0.5245901639344263
}