{
  "acc": 0.5274725274725275,
  "precision": 0.5208333333333334,
  "recall": 0.5555555555555556,
  "f1": 0.5376344086021506,
  "threshold": 0.5,
  "pred_pos_rate": 0.5274725274725275
}