{
  "acc": 0.43956043956043955,
  "precision": 0.44086021505376344,
  "recall": 0.45054945054945056,
  "f1": 0.44565217391304346,
  "threshold": 0.5,
  "pred_pos_rate": 0.510989010989011
}