{
  "acc": 0.4010989010989011,
  "precision": 0.3953488372093023,
  "recall": 0.37362637362637363,
  "f1": 0.38418079096045193,
  "threshold": 0.5,
  "pred_pos_rate": 0.4725274725274725
}