{
  "acc": 0.45604395604395603,
  "precision": 0.45555555555555555,
  "recall": 0.45054945054945056,
  "f1": 0.4530386740331492,
  "threshold": 0.5,
  "pred_pos_rate": 0.4945054945054945
}