{
  "acc": 0.5178571428571429,
  "precision": 0.2857142857142857,
  "recall": 0.8333333333333334,
  "f1": 0.42553191489361697,
  "loss": 0.6916583329439163,
  "threshold": 0.5,
  "prob_min": 0.49786219000816345,
  "prob_max": 0.5075095891952515,
  "prob_mean": 0.5010121443441936,
  "pred_pos_rate": 0.625,
  "train_loss": 0.6919589421965859
}