{
  "acc": 0.25,
  "precision": 0.2222222222222222,
  "recall": 1.0,
  "f1": 0.3636363636363636,
  "loss": 0.6931227296590805,
  "threshold": 0.5,
  "prob_min": 0.49970078468322754,
  "prob_max": 0.5021572709083557,
  "prob_mean": 0.5011242367327213,
  "pred_pos_rate": 0.9642857142857143,
  "train_loss": 0.6923847740346735
}