{
  "folds": [
    {
      "fold": 1,
      "metrics_at_0_5": {
        "acc": 0.7272727272727273,
        "precision": 0.6666666666666666,
        "recall": 0.8,
        "f1": 0.7272727272727272,
        "loss": 0.6426588495572408,
        "threshold": 0.5,
        "prob_min": 0.3469063937664032,
        "prob_max": 0.6801695227622986,
        "prob_mean": 0.5059256987138228,
        "pred_pos_rate": 0.5454545454545454
      },
      "metrics_with_threshold": {
        "acc": 0.7272727272727273,
        "precision": 0.625,
        "recall": 1.0,
        "f1": 0.7692307692307693,
        "loss": 0.6426588495572408,
        "threshold": 0.45000000000000007,
        "prob_min": 0.3469063937664032,
        "prob_max": 0.6801695227622986,
        "prob_mean": 0.5059256987138228,
        "pred_pos_rate": 0.7272727272727273,
        "best_threshold": 0.45000000000000007
      }
    },
    {
      "fold": 2,
      "metrics_at_0_5": {
        "acc": 0.6363636363636364,
        "precision": 0.5714285714285714,
        "recall": 0.8,
        "f1": 0.6666666666666666,
        "loss": 0.8653954664866129,
        "threshold": 0.5,
        "prob_min": 0.3124511241912842,
        "prob_max": 0.8685234785079956,
        "prob_mean": 0.5707256523045626,
        "pred_pos_rate": 0.6363636363636364
      },
      "metrics_with_threshold": {
        "acc": 0.6363636363636364,
        "precision": 0.5714285714285714,
        "recall": 0.8,
        "f1": 0.6666666666666666,
        "loss": 0.8653954664866129,
        "threshold": 0.48,
        "prob_min": 0.3124511241912842,
        "prob_max": 0.8685234785079956,
        "prob_mean": 0.5707256523045626,
        "pred_pos_rate": 0.6363636363636364,
        "best_threshold": 0.48
      }
    },
    {
      "fold": 3,
      "metrics_at_0_5": {
        "acc": 1.0,
        "precision": 1.0,
        "recall": 1.0,
        "f1": 1.0,
        "loss": 0.5772413810094198,
        "threshold": 0.5,
        "prob_min": 0.3944512605667114,
        "prob_max": 0.6465849280357361,
        "prob_mean": 0.48882977068424227,
        "pred_pos_rate": 0.5
      },
      "metrics_with_threshold": {
        "acc": 1.0,
        "precision": 1.0,
        "recall": 1.0,
        "f1": 1.0,
        "loss": 0.5772413810094198,
        "threshold": 0.49,
        "prob_min": 0.3944512605667114,
        "prob_max": 0.6465849280357361,
        "prob_mean": 0.48882977068424227,
        "pred_pos_rate": 0.5,
        "best_threshold": 0.49
      }
    },
    {
      "fold": 4,
      "metrics_at_0_5": {
        "acc": 0.9,
        "precision": 0.8,
        "recall": 1.0,
        "f1": 0.888888888888889,
        "loss": 0.4521036297082901,
        "threshold": 0.5,
        "prob_min": 0.1816510558128357,
        "prob_max": 0.9486546516418457,
        "prob_mean": 0.5650805875658989,
        "pred_pos_rate": 0.5
      },
      "metrics_with_threshold": {
        "acc": 0.9,
        "precision": 0.8,
        "recall": 1.0,
        "f1": 0.888888888888889,
        "loss": 0.4521036297082901,
        "threshold": 0.5,
        "prob_min": 0.1816510558128357,
        "prob_max": 0.9486546516418457,
        "prob_mean": 0.5650805875658989,
        "pred_pos_rate": 0.5,
        "best_threshold": 0.5
      }
    },
    {
      "fold": 5,
      "metrics_at_0_5": {
        "acc": 1.0,
        "precision": 1.0,
        "recall": 1.0,
        "f1": 1.0,
        "loss": 0.566417912642161,
        "threshold": 0.5,
        "prob_min": 0.38943350315093994,
        "prob_max": 0.5934029221534729,
        "prob_mean": 0.48127756714820863,
        "pred_pos_rate": 0.4
      },
      "metrics_with_threshold": {
        "acc": 1.0,
        "precision": 1.0,
        "recall": 1.0,
        "f1": 1.0,
        "loss": 0.566417912642161,
        "threshold": 0.5,
        "prob_min": 0.38943350315093994,
        "prob_max": 0.5934029221534729,
        "prob_mean": 0.48127756714820863,
        "pred_pos_rate": 0.4,
        "best_threshold": 0.5
      }
    }
  ],
  "acc_mean": 0.8527272727272728,
  "acc_std": 0.1470818066629577,
  "precision_mean": 0.8076190476190476,
  "precision_std": 0.17305052805689725,
  "recall_mean": 0.9199999999999999,
  "recall_std": 0.09797958971132709,
  "f1_mean": 0.8565656565656564,
  "f1_std": 0.13781864970351954,
  "loss_mean": 0.6207634478807449,
  "loss_std": 0.13683418791577098
}