{
  "acc": 0.6098901098901099,
  "precision": 0.5871559633027523,
  "recall": 0.7111111111111111,
  "f1": 0.6432160804020101,
  "loss": 0.6504647036393484,
  "threshold": 0.5,
  "prob_min": 0.1998138278722763,
  "prob_max": 0.7336481213569641,
  "prob_mean": 0.507593395290794,
  "pred_pos_rate": 0.5989010989010989,
  "train_loss": 0.664386035158084
}