{
  "folds": [
    {
      "fold": 1,
      "metrics_at_0_5": {
        "acc": 0.7595628415300546,
        "precision": 0.7473684210526316,
        "recall": 0.7802197802197802,
        "f1": 0.7634408602150539,
        "loss": 0.5143213371435801,
        "threshold": 0.5,
        "prob_min": 0.02044566720724106,
        "prob_max": 0.9926273226737976,
        "prob_mean": 0.5303578581355635,
        "pred_pos_rate": 0.5191256830601093
      },
      "metrics_with_threshold": {
        "acc": 0.7540983606557377,
        "precision": 0.6949152542372882,
        "recall": 0.9010989010989011,
        "f1": 0.7846889952153111,
        "loss": 0.5143213371435801,
        "threshold": 0.33,
        "prob_min": 0.02044566720724106,
        "prob_max": 0.9926273226737976,
        "prob_mean": 0.5303578581355635,
        "pred_pos_rate": 0.644808743169399,
        "best_threshold": 0.33
      }
    },
    {
      "fold": 2,
      "metrics_at_0_5": {
        "acc": 0.6885245901639344,
        "precision": 0.67,
        "recall": 0.7362637362637363,
        "f1": 0.7015706806282723,
        "loss": 0.6094832171996435,
        "threshold": 0.5,
        "prob_min": 0.018110962584614754,
        "prob_max": 0.9879077076911926,
        "prob_mean": 0.5340901187880606,
        "pred_pos_rate": 0.546448087431694
      },
      "metrics_with_threshold": {
        "acc": 0.6721311475409836,
        "precision": 0.6099290780141844,
        "recall": 0.945054945054945,
        "f1": 0.7413793103448275,
        "loss": 0.6094832171996435,
        "threshold": 0.30000000000000004,
        "prob_min": 0.018110962584614754,
        "prob_max": 0.9879077076911926,
        "prob_mean": 0.5340901187880606,
        "pred_pos_rate": 0.7704918032786885,
        "best_threshold": 0.30000000000000004
      }
    },
    {
      "fold": 3,
      "metrics_at_0_5": {
        "acc": 0.6666666666666666,
        "precision": 0.65625,
        "recall": 0.6923076923076923,
        "f1": 0.6737967914438503,
        "loss": 0.6232247799634933,
        "threshold": 0.5,
        "prob_min": 0.0203428715467453,
        "prob_max": 0.9953470826148987,
        "prob_mean": 0.5151500157869416,
        "pred_pos_rate": 0.5245901639344263
      },
      "metrics_with_threshold": {
        "acc": 0.644808743169399,
        "precision": 0.6,
        "recall": 0.8571428571428571,
        "f1": 0.7058823529411764,
        "loss": 0.6232247799634933,
        "threshold": 0.33999999999999997,
        "prob_min": 0.0203428715467453,
        "prob_max": 0.9953470826148987,
        "prob_mean": 0.5151500157869416,
        "pred_pos_rate": 0.7103825136612022,
        "best_threshold": 0.33999999999999997
      }
    },
    {
      "fold": 4,
      "metrics_at_0_5": {
        "acc": 0.7582417582417582,
        "precision": 0.7473684210526316,
        "recall": 0.7802197802197802,
        "f1": 0.7634408602150539,
        "loss": 0.5442444632450739,
        "threshold": 0.5,
        "prob_min": 0.014966658316552639,
        "prob_max": 0.9932679533958435,
        "prob_mean": 0.5299436937106753,
        "pred_pos_rate": 0.521978021978022
      },
      "metrics_with_threshold": {
        "acc": 0.7582417582417582,
        "precision": 0.7473684210526316,
        "recall": 0.7802197802197802,
        "f1": 0.7634408602150539,
        "loss": 0.5442444632450739,
        "threshold": 0.5,
        "prob_min": 0.014966658316552639,
        "prob_max": 0.9932679533958435,
        "prob_mean": 0.5299436937106753,
        "pred_pos_rate": 0.521978021978022,
        "best_threshold": 0.5
      }
    },
    {
      "fold": 5,
      "metrics_at_0_5": {
        "acc": 0.7417582417582418,
        "precision": 0.7156862745098039,
        "recall": 0.8021978021978022,
        "f1": 0.756476683937824,
        "loss": 0.5693381130695343,
        "threshold": 0.5,
        "prob_min": 0.03779015317559242,
        "prob_max": 0.9957998394966125,
        "prob_mean": 0.5519296605713092,
        "pred_pos_rate": 0.5604395604395604
      },
      "metrics_with_threshold": {
        "acc": 0.7252747252747253,
        "precision": 0.6694214876033058,
        "recall": 0.8901098901098901,
        "f1": 0.7641509433962264,
        "loss": 0.5693381130695343,
        "threshold": 0.4,
        "prob_min": 0.03779015317559242,
        "prob_max": 0.9957998394966125,
        "prob_mean": 0.5519296605713092,
        "pred_pos_rate": 0.6648351648351648,
        "best_threshold": 0.4
      }
    },
    {
      "fold": 6,
      "metrics_at_0_5": {
        "acc": 0.7582417582417582,
        "precision": 0.7326732673267327,
        "recall": 0.8131868131868132,
        "f1": 0.7708333333333334,
        "loss": 0.5985924253861109,
        "threshold": 0.5,
        "prob_min": 0.0010232680942863226,
        "prob_max": 0.9994101524353027,
        "prob_mean": 0.5603305521705136,
        "pred_pos_rate": 0.554945054945055
      },
      "metrics_with_threshold": {
        "acc": 0.7527472527472527,
        "precision": 0.6982758620689655,
        "recall": 0.8901098901098901,
        "f1": 0.7826086956521738,
        "loss": 0.5985924253861109,
        "threshold": 0.4,
        "prob_min": 0.0010232680942863226,
        "prob_max": 0.9994101524353027,
        "prob_mean": 0.5603305521705136,
        "pred_pos_rate": 0.6373626373626373,
        "best_threshold": 0.4
      }
    },
    {
      "fold": 7,
      "metrics_at_0_5": {
        "acc": 0.7527472527472527,
        "precision": 0.7129629629629629,
        "recall": 0.8461538461538461,
        "f1": 0.7738693467336683,
        "loss": 0.551432008544604,
        "threshold": 0.5,
        "prob_min": 0.04846302792429924,
        "prob_max": 0.9811659455299377,
        "prob_mean": 0.5776032693888787,
        "pred_pos_rate": 0.5934065934065934
      },
      "metrics_with_threshold": {
        "acc": 0.7527472527472527,
        "precision": 0.7129629629629629,
        "recall": 0.8461538461538461,
        "f1": 0.7738693467336683,
        "loss": 0.551432008544604,
        "threshold": 0.5,
        "prob_min": 0.04846302792429924,
        "prob_max": 0.9811659455299377,
        "prob_mean": 0.5776032693888787,
        "pred_pos_rate": 0.5934065934065934,
        "best_threshold": 0.5
      }
    },
    {
      "fold": 8,
      "metrics_at_0_5": {
        "acc": 0.6758241758241759,
        "precision": 0.6702127659574468,
        "recall": 0.6923076923076923,
        "f1": 0.681081081081081,
        "loss": 0.6230269471804301,
        "threshold": 0.5,
        "prob_min": 0.027259111404418945,
        "prob_max": 0.9780027270317078,
        "prob_mean": 0.5393425760442739,
        "pred_pos_rate": 0.5164835164835165
      },
      "metrics_with_threshold": {
        "acc": 0.6373626373626373,
        "precision": 0.5899280575539568,
        "recall": 0.9010989010989011,
        "f1": 0.7130434782608696,
        "loss": 0.6230269471804301,
        "threshold": 0.33,
        "prob_min": 0.027259111404418945,
        "prob_max": 0.9780027270317078,
        "prob_mean": 0.5393425760442739,
        "pred_pos_rate": 0.7637362637362637,
        "best_threshold": 0.33
      }
    },
    {
      "fold": 9,
      "metrics_at_0_5": {
        "acc": 0.7307692307692307,
        "precision": 0.7733333333333333,
        "recall": 0.6444444444444445,
        "f1": 0.7030303030303031,
        "loss": 0.5828748891750971,
        "threshold": 0.5,
        "prob_min": 0.10839081555604935,
        "prob_max": 0.913123369216919,
        "prob_mean": 0.4532388913353066,
        "pred_pos_rate": 0.41208791208791207
      },
      "metrics_with_threshold": {
        "acc": 0.7307692307692307,
        "precision": 0.7530864197530864,
        "recall": 0.6777777777777778,
        "f1": 0.7134502923976608,
        "loss": 0.5828748891750971,
        "threshold": 0.41000000000000003,
        "prob_min": 0.10839081555604935,
        "prob_max": 0.913123369216919,
        "prob_mean": 0.4532388913353066,