{
  "folds": [
    {
      "fold": 1,
      "metrics_at_0_5": {
        "acc": 0.7158469945355191,
        "precision": 0.7142857142857143,
        "recall": 0.7142857142857143,
        "f1": 0.7142857142857143,
        "loss": 0.594644029935201,
        "threshold": 0.5,
        "prob_min": 0.000207492194022052,
        "prob_max": 0.9936641454696655,
        "prob_mean": 0.5053901654858838,
        "pred_pos_rate": 0.4972677595628415
      },
      "metrics_with_threshold": {
        "acc": 0.6775956284153005,
        "precision": 0.625,
        "recall": 0.8791208791208791,
        "f1": 0.7305936073059361,
        "loss": 0.594644029935201,
        "threshold": 0.35,
        "prob_min": 0.000207492194022052,
        "prob_max": 0.9936641454696655,
        "prob_mean": 0.5053901654858838,
        "pred_pos_rate": 0.6994535519125683,
        "best_threshold": 0.35
      }
    },
    {
      "fold": 2,
      "metrics_at_0_5": {
        "acc": 0.8469945355191257,
        "precision": 0.8247422680412371,
        "recall": 0.8791208791208791,
        "f1": 0.851063829787234,
        "loss": 0.4582919826110204,
        "threshold": 0.5,
        "prob_min": 0.022677436470985413,
        "prob_max": 0.9721845388412476,
        "prob_mean": 0.5469988738008535,
        "pred_pos_rate": 0.5300546448087432
      },
      "metrics_with_threshold": {
        "acc": 0.8469945355191257,
        "precision": 0.8181818181818182,
        "recall": 0.8901098901098901,
        "f1": 0.8526315789473683,
        "loss": 0.4582919826110204,
        "threshold": 0.48,
        "prob_min": 0.022677436470985413,
        "prob_max": 0.9721845388412476,
        "prob_mean": 0.5469988738008535,
        "pred_pos_rate": 0.5409836065573771,
        "best_threshold": 0.48
      }
    },
    {
      "fold": 3,
      "metrics_at_0_5": {
        "acc": 0.644808743169399,
        "precision": 0.6226415094339622,
        "recall": 0.7252747252747253,
        "f1": 0.6700507614213198,
        "loss": 0.6975790907939275,
        "threshold": 0.5,
        "prob_min": 0.03505418449640274,
        "prob_max": 0.9950563907623291,
        "prob_mean": 0.5679594800486917,
        "pred_pos_rate": 0.5792349726775956
      },
      "metrics_with_threshold": {
        "acc": 0.6666666666666666,
        "precision": 0.6136363636363636,
        "recall": 0.8901098901098901,
        "f1": 0.726457399103139,
        "loss": 0.6975790907939275,
        "threshold": 0.31,
        "prob_min": 0.03505418449640274,
        "prob_max": 0.9950563907623291,
        "prob_mean": 0.5679594800486917,
        "pred_pos_rate": 0.7213114754098361,
        "best_threshold": 0.31
      }
    },
    {
      "fold": 4,
      "metrics_at_0_5": {
        "acc": 0.7527472527472527,
        "precision": 0.7169811320754716,
        "recall": 0.8351648351648352,
        "f1": 0.7715736040609137,
        "loss": 0.5516014148791631,
        "threshold": 0.5,
        "prob_min": 0.08930568397045135,
        "prob_max": 0.9965728521347046,
        "prob_mean": 0.5834868266605414,
        "pred_pos_rate": 0.5824175824175825
      },
      "metrics_with_threshold": {
        "acc": 0.7527472527472527,
        "precision": 0.6885245901639344,
        "recall": 0.9230769230769231,
        "f1": 0.7887323943661971,
        "loss": 0.5516014148791631,
        "threshold": 0.4,
        "prob_min": 0.08930568397045135,
        "prob_max": 0.9965728521347046,
        "prob_mean": 0.5834868266605414,
        "pred_pos_rate": 0.6703296703296703,
        "best_threshold": 0.4
      }
    },
    {
      "fold": 5,
      "metrics_at_0_5": {
        "acc": 0.7087912087912088,
        "precision": 0.6862745098039216,
        "recall": 0.7692307692307693,
        "f1": 0.7253886010362693,
        "loss": 0.6092399557431539,
        "threshold": 0.5,
        "prob_min": 0.027664214372634888,
        "prob_max": 0.9961472749710083,
        "prob_mean": 0.517298655011333,
        "pred_pos_rate": 0.5604395604395604
      },
      "metrics_with_threshold": {
        "acc": 0.7087912087912088,
        "precision": 0.6862745098039216,
        "recall": 0.7692307692307693,
        "f1": 0.7253886010362693,
        "loss": 0.6092399557431539,
        "threshold": 0.5,
        "prob_min": 0.027664214372634888,
        "prob_max": 0.9961472749710083,
        "prob_mean": 0.517298655011333,
        "pred_pos_rate": 0.5604395604395604,
        "best_threshold": 0.5
      }
    },
    {
      "fold": 6,
      "metrics_at_0_5": {
        "acc": 0.6813186813186813,
        "precision": 0.6941176470588235,
        "recall": 0.6483516483516484,
        "f1": 0.6704545454545454,
        "loss": 0.6359867950280508,
        "threshold": 0.5,
        "prob_min": 0.004050931427627802,
        "prob_max": 0.9893391728401184,
        "prob_mean": 0.45420185484473113,
        "pred_pos_rate": 0.46703296703296704
      },
      "metrics_with_threshold": {
        "acc": 0.6758241758241759,
        "precision": 0.625,
        "recall": 0.8791208791208791,
        "f1": 0.7305936073059361,
        "loss": 0.6359867950280508,
        "threshold": 0.28,
        "prob_min": 0.004050931427627802,
        "prob_max": 0.9893391728401184,
        "prob_mean": 0.45420185484473113,
        "pred_pos_rate": 0.7032967032967034,
        "best_threshold": 0.28
      }
    },
    {
      "fold": 7,
      "metrics_at_0_5": {
        "acc": 0.7362637362637363,
        "precision": 0.7171717171717171,
        "recall": 0.7802197802197802,
        "f1": 0.7473684210526317,
        "loss": 0.5352458010117213,
        "threshold": 0.5,
        "prob_min": 0.05397658050060272,
        "prob_max": 0.9725891947746277,
        "prob_mean": 0.5415483218627971,
        "pred_pos_rate": 0.5439560439560439
      },
      "metrics_with_threshold": {
        "acc": 0.7197802197802198,
        "precision": 0.6666666666666666,
        "recall": 0.8791208791208791,
        "f1": 0.7582938388625592,
        "loss": 0.5352458010117213,
        "threshold": 0.33,
        "prob_min": 0.05397658050060272,
        "prob_max": 0.9725891947746277,
        "prob_mean": 0.5415483218627971,
        "pred_pos_rate": 0.6593406593406593,
        "best_threshold": 0.33
      }
    },
    {
      "fold": 8,
      "metrics_at_0_5": {
        "acc": 0.7032967032967034,
        "precision": 0.6947368421052632,
        "recall": 0.7252747252747253,
        "f1": 0.7096774193548387,
        "loss": 0.6211265722910563,
        "threshold": 0.5,
        "prob_min": 0.025246791541576385,
        "prob_max": 0.9893937110900879,
        "prob_mean": 0.5429003523805966,
        "pred_pos_rate": 0.521978021978022
      },
      "metrics_with_threshold": {
        "acc": 0.6813186813186813,
        "precision": 0.6486486486486487,
        "recall": 0.7912087912087912,
        "f1": 0.7128712871287128,
        "loss": 0.6211265722910563,
        "threshold": 0.39,
        "prob_min": 0.025246791541576385,
        "prob_max": 0.9893937110900879,
        "prob_mean": 0.5429003523805966,
        "pred_pos_rate": 0.6098901098901099,
        "best_threshold": 0.39
      }
    },
    {
      "fold": 9,
      "metrics_at_0_5": {
        "acc": 0.7857142857142857,
        "precision": 0.8,
        "recall": 0.7555555555555555,
        "f1": 0.7771428571428571,
        "loss": 0.5229881107807159,
        "threshold": 0.5,
        "prob_min": 0.08230461180210114,
        "prob_max": 0.9650794863700867,
        "prob_mean": 0.5010765900241805,
        "pred_pos_rate": 0.46703296703296704
      },
      "metrics_with_threshold": {
        "acc": 0.7857142857142857,
        "precision": 0.8,
        "recall": 0.7555555555555555,
        "f1": 0.7771428571428571,
        "loss": 0.5229881107807159,
        "threshold": 0.5,
        "prob_min": 0.08230461180210114,
        "prob_max": 0.9650794863700867,
        "prob_mean": 0.5010765900241805,
        "pred_pos_rate": 0.46703296703296704,