{
  "acc": 0.4808743169398907,
  "precision": 0.48148148148148145,
  "recall": 0.5714285714285714,
  "f1": 0.5226130653266332,
  "loss": 0.6963549256324768,
  "threshold": 0.5,
  "prob_min": 0.23315903544425964,
  "prob_max": 0.7701348662376404,
  "prob_mean": 0.5289718553505308,
  "pred_pos_rate": 0.5901639344262295,
  "train_loss": 0.6517510769458917
}