{
  "acc": 0.644808743169399,
  "precision": 0.6226415094339622,
  "recall": 0.7252747252747253,
  "f1": 0.6700507614213198,
  "loss": 0.6975790907939275,
  "threshold": 0.5,
  "prob_min": 0.03505418449640274,
  "prob_max": 0.9950563907623291,
  "prob_mean": 0.5679594800486917,
  "pred_pos_rate": 0.5792349726775956,
  "train_loss": 0.5399483975309592
}