{
  "mae": 4.554920426436833,
  "rmse": 5.424869997630927,
  "ccc": 0.13526037806002458,
  "loss": 0.8590799272060394,
  "loss_space": "normalized",
  "pred_min": 4.581378936767578,
  "pred_max": 10.516602516174316,
  "pred_mean": 7.043961771896908,
  "train_loss": 0.9230166944590482,
  "target_normalizer": {
    "mean": 6.656441717791411,
    "std": 6.093726400902584,
    "enabled": true
  },
  "use_regression_weights": true,
  "positive_weight": "2.0"
}