{
  "acc": 0.7158469945355191,
  "precision": 0.7142857142857143,
  "recall": 0.7142857142857143,
  "f1": 0.7142857142857143,
  "loss": 0.594644029935201,
  "threshold": 0.5,
  "prob_min": 0.000207492194022052,
  "prob_max": 0.9936641454696655,
  "prob_mean": 0.5053901654858838,
  "pred_pos_rate": 0.4972677595628415,
  "train_loss": 0.5155124584069619
}